key,model,reference_id,train_time_s,cv_rmse,cv_rmse_std,train_mae,train_mse,train_rmse,train_r2,train_adj_r2,train_mape,val_mae,val_mse,val_rmse,val_r2,val_adj_r2,val_mape,test_mae,test_mse,test_rmse,test_r2,test_adj_r2,test_mape
catboost_model,CatBoost Regressor,70560d1bd70af7cd,1.312,27786.864787015325,7181.894911068163,5430.6235396554675,149898868.6599216,12243.319348114774,0.955323724169596,0.9548603338772732,0.1851573111082626,11737.9777921551,2060088975.689004,45388.20304538398,0.607377834355973,0.5876305656697349,0.2895941897173495,9787.416772006389,564513966.1146361,23759.502648722177,0.8047533798907295,0.7949332836130443,0.3000714378853045
gradient_boosting,Gradient Boosting Regressor,70560d1bd70af7cd,0.477,28000.188391878124,6923.7666284807,8087.490477812524,452211197.15556407,21265.257984693344,0.8652217167592211,0.8638237723936975,0.2453892991239261,11895.77986853358,2105149817.8602688,45881.91166309735,0.5987899113838069,0.5786107057433475,0.2940060129190026,9442.8486655071,512518804.85202354,22638.878171235065,0.8227367781907461,0.8138211723601031,0.2938397466083749
lightgbm_model,LightGBM Regressor,70560d1bd70af7cd,0.605,28167.664912996068,7202.712916030905,6553.30035780838,369260764.9256342,19216.158953485847,0.8899444943471112,0.8888029790352753,0.1949388000953576,12009.523987472912,2146243842.1337528,46327.571079582325,0.5909580046090585,0.5703848864976797,0.2990842445256421,9792.61198347752,579950200.7752653,24082.155235262173,0.7994144993215827,0.7893258794649759,0.2959777616561607
xgboost_model,XGBoost Regressor,70560d1bd70af7cd,0.212,28418.802341698327,5953.790579410876,3108.67431640625,46040880.0,6785.343027437891,0.9862778186798096,0.9861354897704482,0.117869809269905,12164.798828125,2044576640.0,45216.99503505292,0.6103342771530151,0.5907357052938473,0.306352436542511,9670.041015625,454250816.0,21313.160629057344,0.8428897261619568,0.8349877301405167,0.3100194931030273
random_forest,Random Forest Regressor,70560d1bd70af7cd,0.207,28924.238588925426,5649.9618303549005,4028.000355220784,181412490.80660444,13468.945422957377,0.9459313165548694,0.9453705065374396,0.0986699856763509,11619.471714755153,2051717618.725794,45295.889644931296,0.608973289862537,0.5893062659798836,0.304927215245322,9125.799250890306,468249166.26230264,21639.06574374926,0.8380481749442973,0.8299026689503715,0.3007910488789134
ridge_regression,Ridge Regression,70560d1bd70af7cd,0.005,29992.01412931027,6947.472989825263,10501.157135310175,902117748.8956147,30035.275076077043,0.7311303164495493,0.7283415521906367,0.2900188381692426,13588.79410957886,2697849616.9267597,51940.828034666134,0.4858301890453892,0.4599695772518141,0.3181501700274139,10659.47645833894,811139992.5896202,28480.51952808481,0.7194536335768505,0.705343313372136,0.3148963378159715
linear_regression,Linear Regression,70560d1bd70af7cd,0.007,30056.25051643857,6849.857905781652,10502.981856925866,902456988.43722,30040.92189725908,0.7310292085528131,0.7282393955847825,0.2899635116527054,13595.823890588075,2686776336.206209,51834.12327999972,0.4879405908331725,0.4621861235082137,0.3182721392326871,10670.897865705434,811499645.9288838,28486.83285184374,0.7193292414393353,0.7052126648253374,0.3150014935241229
decision_tree,Decision Tree Regressor,70560d1bd70af7cd,0.027,37107.5196949744,4234.363827649339,17.054029580455047,135028.04458761253,367.461623285497,0.9999597558659464,0.9999593384466182,0.0010323994214224,15801.902510256848,2916085337.831431,54000.79015932481,0.4442377227132881,0.4162851821396961,0.4248303153382029,13366.303233846713,1040126921.7320752,32250.998771078008,0.6402546648215119,0.6221609645314696,0.4469531290606805
elastic_net,Elastic Net,70560d1bd70af7cd,0.005,57447.95668980725,7489.753849228796,22742.90422448304,3354042804.0491858,57914.09849120666,0.0003517518158048,-0.0100167779091076,0.7010755851921259,24223.26097548589,5287814391.233944,72717.35962776662,-0.0077783835115954,-0.0584654619722377,0.712084924275123,21866.49088480166,2890154001.64872,53760.15254487956,0.0003917807365559,-0.0498843723033213,0.7139595103387226
baseline_mean,Baseline (mean rent),70560d1bd70af7cd,0.0,57519.71191240191,7007.550048294201,29894.47598057174,3355223009.8353257,57924.28687377451,0.0,-0.010372178157413,1.6797043371153733,31434.888977191247,5249037233.743042,72450.23970797504,-0.0003880369143056,-0.0507034115520075,1.7043373384262008,28778.774747478612,2892374740.325315,53780.802711797776,-0.0003762989687794,-0.05069108323644,1.6886990071828143
lasso_regression,Lasso Regression,70560d1bd70af7cd,0.008,59320.79002358737,7247.716795777867,24369.52821551602,3570687647.7628293,59755.231133038295,-0.0642176801052871,-0.075255935481608,0.8103664186721493,25797.974616098705,5506391846.626735,74205.06617897956,-0.0494359793290655,-0.1022182623130718,0.8213505149370176,23372.59097594708,3077217622.0265985,55472.674552671415,-0.0643073087750181,-0.1178375580329333,0.8182034506080418
baseline_median,Baseline (median rent),70560d1bd70af7cd,0.001,60326.15623292724,7229.39298473074,24054.16389978871,3685336360.553879,60706.97126816556,-0.0983879014154576,-0.1097805764148858,0.6499202831940967,25483.680731364275,5631001167.374121,75039.99711736482,-0.0731846532691835,-0.1271613961850892,0.6590327190925821,23028.815752461323,3184585086.5232067,56432.12814100853,-0.1014421465487354,-0.1568401243337309,0.6549834295281839
