param_regressor__model__max_depth,param_regressor__model__max_features,param_regressor__model__max_samples,param_regressor__model__min_samples_leaf,param_regressor__model__min_samples_split,param_regressor__model__n_estimators,mean_test_score,std_test_score,rank_test_score,cv_rmse
15,0.7,,3,4,488,-28128.320990144006,6417.969725523574,1,28128.320990144006
10,1.0,0.8,4,8,627,-28132.142618686972,6254.542413372822,2,28132.142618686972
,1.0,,4,6,606,-28151.138304679807,6232.202615700347,3,28151.138304679807
30,0.7,,4,14,359,-28154.642413865124,6144.180620971831,4,28154.642413865124
30,1.0,0.8,6,6,457,-28161.497913876352,6149.8331286317225,5,28161.497913876352
10,1.0,,7,2,584,-28184.650673536544,6087.187569964121,6,28184.650673536544
10,1.0,0.8,6,4,563,-28193.578454404877,6154.721166643212,7,28193.578454404877
,0.7,0.6,1,5,660,-28212.1016559251,6447.060547072918,8,28212.1016559251
30,0.7,0.6,1,5,249,-28212.851929834163,6460.59709071777,9,28212.851929834163
30,0.7,0.6,3,4,648,-28230.850890567533,6473.362337041434,10,28230.850890567533
30,1.0,,1,12,258,-28233.51887542691,5946.773010055142,11,28233.51887542691
15,0.7,0.6,4,3,369,-28289.548503368023,6380.207694682713,12,28289.548503368023
20,0.5,,1,13,513,-28292.569537997286,6141.008869396268,13,28292.569537997286
30,0.5,,4,13,579,-28335.623819312117,6338.17045464861,14,28335.623819312117
,0.7,0.8,6,9,610,-28378.060552388015,6274.212014199615,15,28378.060552388015
