param_regressor__model__ccp_alpha,param_regressor__model__max_depth,param_regressor__model__max_features,param_regressor__model__min_samples_leaf,param_regressor__model__min_samples_split,mean_test_score,std_test_score,rank_test_score,cv_rmse
0.0,8,0.5,6,17,-29802.278725542914,5660.093530754591,1,29802.278725542914
0.0001,20,,17,29,-29886.66391711057,5375.7501273051075,2,29886.66391711057
0.0,6,0.5,6,9,-29926.69948746032,6482.635949114078,3,29926.69948746032
0.0,8,,14,22,-29969.180633507232,5282.1386841813155,4,29969.180633507232
0.0001,,,18,19,-29969.946311919884,5382.588422372966,5,29969.946311919884
1e-05,15,0.5,10,3,-30026.539902297576,5266.126906023214,6,30026.539902297576
0.0001,15,0.7,16,34,-30035.2323748805,5311.5857913390055,7,30035.2323748805
0.0001,,0.7,3,36,-30115.18183593256,5142.736398777748,8,30115.18183593256
0.0001,6,,3,38,-30147.0122528923,5486.1129463733805,9,30147.0122528923
0.0,20,0.5,18,26,-30165.624730150525,5037.462883395026,10,30165.624730150525
0.0001,8,,20,22,-30187.632123769446,5472.828522449359,11,30187.632123769446
0.0001,12,0.7,7,30,-30191.108972626786,5500.195907486899,12,30191.108972626786
0.0005,12,,20,31,-30276.831671901884,5522.016089425939,13,30276.831671901884
0.0001,10,0.7,13,33,-30329.548414925077,4854.363037880716,14,30329.548414925077
0.0,6,,10,29,-30382.506531011237,5184.988791211616,15,30382.506531011237
