param_regressor__model__colsample_bytree,param_regressor__model__gamma,param_regressor__model__learning_rate,param_regressor__model__max_depth,param_regressor__model__min_child_weight,param_regressor__model__n_estimators,param_regressor__model__reg_alpha,param_regressor__model__reg_lambda,param_regressor__model__subsample,mean_test_score,std_test_score,rank_test_score,cv_rmse
0.8776807051588262,0.001,0.04749239763680407,3,4.059382607081596,676,0.755681014127442,2.1154290797261215,0.9757995766256756,-26516.949222091316,7085.328104825547,1,26516.949222091316
0.9520793472468743,0.05,0.0515518275905576,2,9.003868490795123,741,0.030785541778315037,3.8644805536726263,0.9798082494630569,-26722.24489925505,7201.945205584229,2,26722.24489925505
0.5472214803779643,0.01,0.02740735522767106,3,1.6217656585303544,1121,0.05326656310426435,0.10516560107591678,0.7042778112943613,-26792.235212698073,7104.677748319159,3,26792.235212698073
0.5316874852363839,0.05,0.018300265163583435,3,0.6914168988311065,518,0.05321216007763544,1.9084622754179417,0.8382554962431377,-26860.815655353123,6942.8916115071615,4,26860.815655353123
0.8204373724016073,0.05,0.08056924604228452,2,13.667177555262022,394,0.011506525902704916,8.304835754879608,0.8407741582163841,-26877.443304433506,7718.653238548979,5,26877.443304433506
0.8515094794475889,0.0,0.012145817744400203,3,17.412787871290497,709,0.060984166342368695,1.3702877326581695,0.6592347719813599,-26950.772335790498,7150.802927251566,6,26950.772335790498
0.767044709687721,0.001,0.019452208847287395,4,1.35078032269531,863,0.5910698619088539,0.09324140221663489,0.8075162486973464,-26982.9901499709,6933.135002765583,7,26982.9901499709
0.9988702425244709,0.01,0.062095693648805635,3,2.277592155431489,1054,0.0013019246714361576,5.306371575220846,0.695824756266789,-27014.683151869005,7450.964488180369,8,27014.683151869005
0.8477055615533238,0.0,0.047925426441871755,2,1.1125286396046565,342,0.006579066240690736,0.7632630531731552,0.8337257247692401,-27023.520999525506,7543.1368003108655,9,27023.520999525506
0.6251214490822976,0.001,0.013247440152308316,2,5.710127530882948,1084,0.03573406107716252,0.3548859225355321,0.8628445314000668,-27027.749760101888,7527.531156050603,10,27027.749760101888
0.7453743896293923,0.001,0.07411820372338587,2,7.079158781596825,914,0.019339745640818938,0.06917310667555204,0.9077971732767748,-27043.419098992068,7485.850027636868,11,27043.419098992068
0.7157640715682213,0.01,0.06556423610443514,3,0.8357804724199094,214,0.32697644031118683,0.30638738447015584,0.8965843644556182,-27055.875454949168,7241.269292484526,12,27055.875454949168
0.5935218742787617,0.001,0.08413379916486681,5,3.252312611503667,312,0.013163157953742769,1.3233974300378293,0.9071118005771355,-27056.314922485966,7042.5001537283215,13,27056.314922485966
0.8736600550686904,0.01,0.11973258472758717,3,17.594094225811066,387,0.014817820606039088,0.02647114182821816,0.9208787923016158,-27098.716190975316,7667.774644639229,14,27098.716190975316
0.6045653955392571,0.01,0.020532255190167693,4,3.628258564259508,862,0.00032522457574972853,0.028556704038439833,0.655530869059764,-27120.516570137115,7557.983657624456,15,27120.516570137115
