param_regressor__model__colsample_bytree,param_regressor__model__learning_rate,param_regressor__model__max_depth,param_regressor__model__min_child_samples,param_regressor__model__n_estimators,param_regressor__model__num_leaves,param_regressor__model__reg_alpha,param_regressor__model__reg_lambda,param_regressor__model__subsample,param_regressor__model__subsample_freq,mean_test_score,std_test_score,rank_test_score,cv_rmse
0.7468977981821954,0.04787304927324382,4,46,1091,58,0.00013357240411974094,0.35127047262708466,0.7257423924305306,1,-26541.40090379712,6424.092863479851,1,26541.40090379712
0.6346216154746904,0.03096406803928167,4,43,1152,24,0.0007011194706512116,0.020416881527138202,0.6479048527277005,1,-26695.300678337102,6588.18067097947,2,26695.300678337102
0.9576068638132402,0.037628206569571596,-1,44,436,8,0.6598741607403358,0.8945150807271531,0.8217416210045603,1,-26817.71839954243,6934.261189716905,3,26817.71839954243
0.872719737092165,0.03644198437346532,6,46,624,13,0.3968163778862801,0.26929041101116197,0.6977412621858619,1,-26910.18696333592,6729.219069732979,4,26910.18696333592
0.5461452931143731,0.04226536169947714,6,52,772,33,0.297306516341386,0.0021780509297478923,0.8389112329021722,1,-26971.432266481745,6734.559018941642,5,26971.432266481745
0.5640229194788862,0.01576267643218784,8,44,1099,63,0.004432460330249352,3.1424647836320396,0.8060944219456844,1,-26977.151695663713,6620.5045638957345,6,26977.151695663713
0.8923341319721547,0.06789351653722758,6,55,302,45,0.029447935173680183,8.353161927650392,0.8432351398167541,1,-27002.373769412963,6806.831627365762,7,27002.373769412963
0.8560896106737679,0.02035486279401268,10,52,1115,15,0.2493983879489147,0.4270232968405544,0.8273234413341887,1,-27036.822911415085,6846.419516009147,8,27036.822911415085
0.9330880728874675,0.06054365855469246,6,26,508,9,0.07726718477963429,5.678201970293126,0.6003115063364057,1,-27039.10762329247,7685.6042473874495,9,27039.10762329247
0.6848272280307022,0.020656528828240196,10,56,809,77,0.003938200017544604,1.8438580889418839,0.9193380499938204,1,-27054.33139986091,6591.865190012658,10,27054.33139986091
0.5468373839140462,0.030089106372558346,10,55,637,15,0.033462201030483786,1.5109330261674463,0.8010548372420768,1,-27057.523417534376,6748.722531883702,11,27057.523417534376
0.6146973728524748,0.0221816177716946,10,45,939,71,0.0065007488423564725,0.0013466781212722683,0.7119054028675783,1,-27099.48286134993,6458.289009076242,12,27099.48286134993
0.7480187271467031,0.07970235252094714,4,49,274,36,0.00014346478330870964,0.046966059813381214,0.987032220608099,1,-27113.56926748635,6881.425198411536,13,27113.56926748635
0.8183221608111413,0.05270256454074178,6,38,507,45,0.006362705022851435,4.384147061004684,0.7191837806167802,1,-27148.824709750876,6974.427536624259,14,27148.824709750876
0.7713223173537883,0.023593847283130732,4,26,504,59,0.0001430009549684105,0.01633285320213697,0.8148329708786621,1,-27190.17561139211,7019.186338539078,15,27190.17561139211
