param_regressor__model__alpha,param_regressor__model__l1_ratio,mean_test_score,std_test_score,rank_test_score,cv_rmse
0.0031622776601683794,1.0,-29644.27140522883,7484.405627168609,1,29644.27140522883
0.0031622776601683794,0.95,-29647.072982745354,7490.512726439812,2,29647.072982745354
0.0031622776601683794,0.9,-29649.991027088265,7496.847751847503,3,29649.991027088265
0.0017782794100389228,0.7,-29663.4665412864,7388.485220949925,4,29663.4665412864
0.0031622776601683794,0.7,-29668.980269039585,7515.518542432213,5,29668.980269039585
0.005623413251903491,0.7,-29674.72669845412,7500.914121928284,6,29674.72669845412
0.0017782794100389228,0.9,-29681.51949861371,7446.560474116662,7,29681.51949861371
0.0017782794100389228,0.95,-29683.19081893633,7459.453956146553,8,29683.19081893633
0.0017782794100389228,1.0,-29683.94069381947,7471.34675206346,9,29683.94069381947
0.001,1.0,-29686.476750243222,7284.683427966021,10,29686.476750243222
0.0031622776601683794,0.5,-29689.517731464894,7474.369839772787,11,29689.517731464894
0.005623413251903491,0.5,-29689.807978986693,7543.900682139743,12,29689.807978986693
0.005623413251903491,0.9,-29693.003530857095,7513.724406226991,13,29693.003530857095
0.001,0.95,-29695.901409157308,7262.553668737996,14,29695.901409157308
0.0031622776601683794,0.3,-29696.72927300792,7434.741328308229,15,29696.72927300792
