param_regressor__model__bagging_temperature,param_regressor__model__depth,param_regressor__model__iterations,param_regressor__model__l2_leaf_reg,param_regressor__model__learning_rate,param_regressor__model__random_strength,mean_test_score,std_test_score,rank_test_score,cv_rmse
0.3854165025399161,5,864,1.9970999139010037,0.03483818023841825,1.448252288854252,-26984.936206109305,7826.450934547462,1,26984.936206109305
0.5582934536070976,6,308,2.3057912917323375,0.10032006979529093,2.744428271334343,-27049.69538236285,8107.183536754426,2,27049.69538236285
0.8563242918780924,4,927,1.2866742758077596,0.029017414252468364,3.36214634822542,-27072.290079016588,7735.749886702574,3,27072.290079016588
0.3562978380769749,4,684,1.9794771074932342,0.05347339822196823,2.453480159918335,-27081.167857134285,7583.996030073923,4,27081.167857134285
0.8804678390152577,5,856,2.4245340796188315,0.025499064969659625,0.5965385870152046,-27297.492050405963,7235.494557190541,5,27297.492050405963
0.11586905952512971,4,1139,3.843694025082196,0.024913807939754118,0.42658844500573057,-27298.120830923966,7248.661611158567,6,27298.120830923966
0.27864646423661144,4,684,2.049638195111671,0.027920607774433743,0.6785245383889537,-27352.837042463296,7222.27867832586,7,27352.837042463296
0.04043358953843135,5,853,3.7289792533669006,0.03182359200972247,3.3256418753858035,-27359.05746882829,7402.005808331015,8,27359.05746882829
0.6099966577826209,6,505,3.226870825623663,0.030427486853307414,1.9201554025285226,-27412.889058082168,7428.0420899465325,9,27412.889058082168
0.6775643618422824,6,645,4.637121010589462,0.03369192078001862,1.2477547117579697,-27449.893618442944,7123.214327033186,10,27449.893618442944
0.01563640674119393,4,643,3.264019163413773,0.039311369198849706,0.10566257651096307,-27598.57149391216,7251.189782032756,11,27598.57149391216
0.6803075385877797,4,466,1.0405384007798952,0.17507807036012082,0.9057530099130391,-27721.90896024952,6457.339799418012,12,27721.90896024952
0.15599452033620265,6,758,13.39433470675048,0.0798261175712336,1.5958573588141267,-27744.356191454484,7651.8885390708465,13,27744.356191454484
0.835302495589238,7,486,1.7485021746086438,0.02196873940341497,1.0090423315981845,-27827.86120056425,7331.85248851759,14,27827.86120056425
0.06489224710898156,5,863,2.095044070128146,0.09938807258847625,1.6222820662962225,-27856.180515599168,7251.529683268907,15,27856.180515599168
