param_regressor__model__learning_rate,param_regressor__model__loss,param_regressor__model__max_depth,param_regressor__model__max_features,param_regressor__model__min_samples_leaf,param_regressor__model__n_estimators,param_regressor__model__subsample,mean_test_score,std_test_score,rank_test_score,cv_rmse
0.03262161345833058,huber,3,0.5,8,885,0.6388705975083074,-26254.254911296215,7262.739782938244,1,26254.254911296215
0.020950440701281464,squared_error,3,0.5,17,812,0.713936197750987,-26652.335936345095,7497.087752731444,2,26652.335936345095
0.021535381457547638,squared_error,2,0.5,15,753,0.7757346007463081,-26710.970492065884,7577.302365470858,3,26710.970492065884
0.06560085020052901,huber,2,0.8,14,599,0.6203074124157587,-26715.502025810514,7792.000634607431,4,26715.502025810514
0.06151519384176875,squared_error,2,0.5,18,537,0.7942455014344907,-26744.54506215417,8082.915814012354,5,26744.54506215417
0.037628206569571596,huber,2,0.8,13,471,0.8066785029706267,-26813.157530742646,7290.9622746675495,6,26813.157530742646
0.026506645379019665,huber,4,,1,887,0.637469907131237,-26870.474520128115,7459.2483329263705,7,26870.474520128115
0.017322667470546258,huber,3,sqrt,12,760,0.8099098641033556,-26873.38827910534,7646.597584219417,8,26873.38827910534
0.030710573677773714,squared_error,4,0.8,7,321,0.662397808134481,-26898.393829079938,7432.528832697624,9,26898.393829079938
0.038318920053237254,squared_error,2,0.8,1,779,0.69489963499872,-26900.72325021571,7811.0609497326695,10,26900.72325021571
0.050815587001436395,squared_error,3,sqrt,17,891,0.6155338937717693,-26917.911711104447,7626.661670321309,11,26917.911711104447
0.016666983286066417,squared_error,3,0.8,14,441,0.7541666010159664,-26918.56904831879,7208.211676337645,12,26918.56904831879
0.06311649150591446,huber,3,0.5,10,585,0.7290203056954402,-26964.299249828728,7239.1909988603165,13,26964.299249828728
0.019089283616144762,squared_error,5,sqrt,13,549,0.8162540486440426,-26981.74837006909,7627.834823279229,14,26981.74837006909
0.029266761285490727,squared_error,5,0.5,9,232,0.6254233401144095,-27048.236233632255,7342.369632641334,15,27048.236233632255
