param_regressor__model__alpha,mean_test_score,std_test_score,rank_test_score,cv_rmse
0.0031622776601683794,-29644.27140522883,7484.405627168609,1,29644.27140522883
0.002154434690031882,-29669.538859963017,7508.955156121358,2,29669.538859963017
0.001467799267622069,-29675.208731151815,7413.121185102056,3,29675.208731151815
0.004641588833612777,-29675.559222432348,7504.999820484001,4,29675.559222432348
0.001,-29686.476750243222,7284.683427966021,5,29686.476750243222
0.006812920690579608,-29744.175044271757,7535.107949390534,6,29744.175044271757
0.0006812920690579609,-29776.262281297164,7132.614157507595,7,29776.262281297164
0.00046415888336127773,-29858.44801092405,7020.991633608181,8,29858.44801092405
0.01,-29873.895131509307,7569.322329901881,9,29873.895131509307
0.00031622776601683794,-29928.98686996404,6956.766436352406,10,29928.98686996404
0.00021544346900318823,-29975.540270575853,6917.51073178275,11,29975.540270575853
0.0001467799267622069,-30000.851416688663,6895.408444723533,12,30000.851416688663
0.0001,-30018.336761565333,6880.545867658504,13,30018.336761565333
6.812920690579608e-05,-30030.401101735315,6870.682913952075,14,30030.401101735315
4.641588833612782e-05,-30038.005641438172,6864.168918600635,15,30038.005641438172
