key,model,cv_rmse_default,cv_rmse_tuned,val_rmse_default,val_rmse_tuned,test_rmse_default,test_rmse_tuned,test_r2_default,test_r2_tuned,candidates,search_time_s,params
ridge_regression,Ridge Regression,29992.014129310934,29786.502202719694,51940.82803467999,52759.74345053239,28480.519528086497,28546.81200908966,0.7194536335768174,0.718146090044568,31,2.6,"{""alpha"": 15.848931924611142}"
lasso_regression,Lasso Regression,59320.79002358737,29644.27140522883,74205.06617897956,52930.01717642478,55472.674552671415,28714.75565795824,-0.0643073087750181,0.7148199873648708,31,9.3,"{""alpha"": 0.0031622776601683794}"
elastic_net,Elastic Net,57447.95668980726,29644.27140522883,72717.35962776662,52930.01717642478,53760.15254487956,28714.75565795824,0.0003917807365559,0.7148199873648708,168,71.0,"{""alpha"": 0.0031622776601683794, ""l1_ratio"": 1.0}"
decision_tree,Decision Tree Regressor,36914.85318086624,29802.278725542918,53581.40232253718,49089.96162501152,29507.786411195146,23957.48295186404,0.6988505348853133,0.8014859684977392,100,3.6,"{""ccp_alpha"": 0.0, ""max_depth"": 8, ""max_features"": 0.5, ""min_samples_leaf"": 6, ""min_samples_split"": 17}"
random_forest,Random Forest Regressor,28896.371925170097,28128.32099014401,45741.69187315447,44710.17923613592,21931.232615573063,21797.71175676603,0.8336453609491727,0.83566478230303,40,242.0,"{""max_depth"": 15, ""max_features"": 0.7, ""max_samples"": null, ""min_samples_leaf"": 3, ""min_samples_split"": 4, ""n_estimators"": 488}"
xgboost_model,XGBoost Regressor,28418.802341698327,26516.94922209132,45216.99503505292,44800.91856201165,21313.160629057344,23517.097780125845,0.8428897261619568,0.8087170124053955,100,167.4,"{""colsample_bytree"": 0.8776807051588262, ""gamma"": 0.001, ""learning_rate"": 0.04749239763680407, ""max_depth"": 3, ""min_child_weight"": 4.059382607081596, ""n_estimators"": 676, ""reg_alpha"": 0.755681014127442, ""reg_lambda"": 2.1154290797261215, ""subsample"": 0.9757995766256756}"
lightgbm_model,LightGBM Regressor,28167.664912996068,26541.40090379712,46327.571079582325,46065.22181207247,24082.155235262173,23725.93741347962,0.7994144993215827,0.8053046430835364,100,115.9,"{""colsample_bytree"": 0.7468977981821954, ""learning_rate"": 0.04787304927324382, ""max_depth"": 4, ""min_child_samples"": 46, ""n_estimators"": 1091, ""num_leaves"": 58, ""reg_alpha"": 0.00013357240411974094, ""reg_lambda"": 0.35127047262708466, ""subsample"": 0.7257423924305306, ""subsample_freq"": 1}"
catboost_model,CatBoost Regressor,27795.106524776143,26984.936206109305,45388.20304538398,45749.16688950459,23759.502648722177,23300.137786400857,0.8047533798907295,0.8122301703659927,40,187.9,"{""bagging_temperature"": 0.3854165025399161, ""depth"": 5, ""iterations"": 864, ""l2_leaf_reg"": 1.9970999139010037, ""learning_rate"": 0.03483818023841825, ""random_strength"": 1.448252288854252}"
gradient_boosting,Gradient Boosting Regressor,28000.188391878117,26254.254911296215,45881.91166309735,44562.51724018501,22638.878171235065,24387.174905042815,0.8227367781907461,0.7943011707791486,60,458.0,"{""learning_rate"": 0.03262161345833058, ""loss"": ""huber"", ""max_depth"": 3, ""max_features"": 0.5, ""min_samples_leaf"": 8, ""n_estimators"": 885, ""subsample"": 0.6388705975083074}"
