n_estimators,learning_rate,max_depth,min_samples_leaf,subsample,max_features,loss,cv_rmse,train_rmse,cv_mae,train_mae,cv_rmsle,train_rmsle,cv_rmse_sd,cv_r2,fit_time_s
835,0.03262161345833058,3,8,0.6388705975083074,0.5,huber,26241.887613675197,21009.659771905997,9492.682257409606,7279.633219081338,0.3478383518114688,0.29373447349305415,7258.369053511042,0.7923444177160667,3.6798136234283447
1432,0.02259707459386439,2,13,0.6027808522124762,sqrt,squared_error,26349.5196065069,24284.395741136144,9703.75115728893,8703.531761375341,0.35356011456925757,0.3243182231063405,7859.684243993097,0.7901232487002,1.5640350341796876
1041,0.021535381457547638,2,15,0.6431565707973218,0.5,squared_error,26556.43310142577,24165.951292688354,9755.67526742248,8701.520985122306,0.35319850308474254,0.3240238184218701,7754.906197718288,0.7866620321349924,1.9669506072998046
934,0.06311649150591446,3,10,0.9394679179698697,0.5,huber,26604.786802906485,17310.789038975734,9717.206357866617,6199.028902705433,0.35240679875389685,0.2690101014455512,7259.957542759256,0.7870625447526856,5.3620490550994875
849,0.048164145309070844,2,10,0.7465447373174767,,huber,26628.513780677273,22450.170357655676,9664.1075120765,7918.150973171105,0.3506001932610148,0.3101453518245666,7155.576220586988,0.7861906714498019,4.005645275115967
1101,0.021260639289175844,4,5,0.6147547789418131,,huber,26871.03810300812,16857.37749976832,9498.217621872944,5994.298084892465,0.350086007694326,0.26021349351297907,7147.6220605461485,0.7813852078093866,8.420432519912719
1142,0.02116335546337626,4,5,0.9311476015150355,sqrt,huber,26883.054853479574,17806.348486393566,9572.989855236709,6384.495398080167,0.35000878162926635,0.2755229892180367,7169.489021907337,0.7816904934851072,5.549808120727539
1304,0.027611368214120174,4,16,0.942529716751237,sqrt,squared_error,26943.913165683556,18334.65078522163,9765.336523168035,6755.929916334673,0.35123106569683243,0.26945336527510777,7341.5788858094065,0.7814683058992757,2.4778654098510744
271,0.030710573677773714,4,21,0.662397808134481,sqrt,squared_error,27112.81076295671,24835.070504383468,9706.540194552004,8635.230318636113,0.3528040850349904,0.3216919430100214,7326.193617653391,0.7794798397690242,0.4005098342895508
591,0.16855972264420166,2,17,0.9849789179768444,sqrt,huber,27134.40467729562,22140.852125710582,9839.396561661564,7756.6681110350355,0.35208735137134106,0.30749292612524065,7454.716810902269,0.7775667581985818,1.8181034564971923
1417,0.03920673972242137,4,23,0.836965827544817,sqrt,squared_error,27137.369258295046,18257.36565221222,9798.44782894505,6695.224954008672,0.3539424713918419,0.26135888394820933,7317.234309694042,0.7781062012311438,2.1990285873413087
311,0.017398074711291726,3,12,0.7580600944007257,0.7,squared_error,27205.03916237427,25284.221690919665,9698.574598367872,8791.578559044283,0.3575116336350391,0.3307945717443871,7147.292372538158,0.7779532360684918,1.238054132461548
1214,0.05036810975099665,3,13,0.718509402281633,,huber,27298.829436662236,18190.91672863215,9803.998066385398,6316.779902635655,0.353095002842663,0.2670335778280439,7426.005325419697,0.7750388593707848,7.395633029937744
715,0.02171103454376615,5,6,0.8186841117373118,0.7,huber,27336.01939824959,17046.514388229854,9532.832485858748,5756.595710944163,0.34961708175703654,0.2517922156026581,7432.879885851236,0.7740684495928509,7.045729064941407
797,0.016406549192101497,2,1,0.602208846849441,sqrt,squared_error,27351.688219120446,24690.861860068853,9966.24691821288,9160.467655108843,0.3618343248710056,0.33972529462137213,7406.499044750003,0.7739193193756915,0.8186516284942627
875,0.012097379927033842,6,12,0.9548850970305306,0.5,squared_error,27392.22671139998,17174.254915003068,9663.328693972519,6147.524812225563,0.3502723876141093,0.2503922639012377,7285.881994831381,0.7744977635999539,4.502943277359009
166,0.044613424516335966,4,17,0.9978202043189364,sqrt,huber,27400.12036911988,25538.11922608274,9756.096340639562,8561.945214185836,0.35555421308768004,0.3236266235917963,6664.50069066819,0.774897129546761,0.7915812969207764
1027,0.010279349680184395,2,18,0.8194935157466344,0.5,huber,27419.12626680982,26315.76974888423,9940.041707296221,9171.514040384985,0.3602756254632257,0.34135490159160603,7400.970421454954,0.7734555269694768,3.6339009284973143
429,0.09792418480265735,2,6,0.7881202537784153,0.5,squared_error,27467.37366669735,21257.395818213896,9945.638865498902,7950.286574988521,0.35484274351747497,0.3067842032933702,7204.40313232293,0.7711509456016105,0.8402565956115723
253,0.03359519814244161,5,17,0.842571623863836,0.5,squared_error,27497.135212681645,21769.363129878373,9635.80071343389,7477.035821966478,0.34920175245839896,0.2860428695609777,7268.429103089078,0.772812471628011,1.0250828266143799
929,0.029266761285490727,5,9,0.7323592099410596,0.5,squared_error,27528.316791453806,13808.548694693396,9804.124431584669,5293.509502938857,0.3562269605339474,0.2223192390602838,7010.758066084886,0.7718546466162858,3.467464637756348
619,0.025164964998894614,5,19,0.7060809470726902,0.5,huber,27567.9997983775,22581.203199675398,9706.3068504579,7205.318491764649,0.3500628654779331,0.28102982181367886,7272.252425216412,0.7719638265664207,4.487932348251343
923,0.02255721498065283,6,4,0.6206726884674431,0.5,huber,27596.308192967488,12162.103884199867,9683.057448623767,4135.576004382167,0.3527463863282386,0.20165270977738028,7213.79889595815,0.7699408716898798,10.11273488998413
805,0.04912565048295845,4,8,0.9903408317850139,0.5,squared_error,27607.856577325372,13340.678086506796,9868.38500121686,5444.273725165407,0.3580650130569415,0.23463808543414238,7128.942295249358,0.769195777121363,3.168009853363037
638,0.010509480845860123,4,7,0.8763750952409863,sqrt,squared_error,27638.732808907174,23047.201098126276,9765.283719856609,8203.992651017767,0.3553524046470342,0.31577329009272975,7393.7566884902235,0.7700056170442241,1.0472228050231933
1308,0.043910717965146895,5,8,0.8883759697008518,sqrt,huber,27661.029141984814,11932.572575155942,9755.402395437646,4279.795130115521,0.3561715162462981,0.21352609569112307,7105.658131385584,0.7691757428052017,7.710245037078858
1162,0.08015600033571255,3,13,0.9485842360750871,0.7,huber,27663.46044859841,15751.408040810255,10015.813229455562,5664.912118694256,0.3578440039007145,0.2532280207573976,7305.047253581071,0.7697279413596361,7.326687049865723
463,0.013251752704998034,4,22,0.9441618473246701,,squared_error,27668.95124495112,23974.05301958301,9658.59460674798,8237.292363811273,0.35243938217197485,0.3086641550500181,7131.8332885649825,0.7701459735503299,3.1934478759765623
300,0.031853289294255745,2,18,0.8165791895310264,0.5,huber,27679.59440686157,26570.51831029475,10011.934274053052,9270.07026116624,0.3613908799904885,0.3440643921477319,7467.8214338361395,0.7692259080876978,1.0639870643615723
980,0.04695936762809009,4,24,0.7734082950322968,,huber,27756.0295729356,19423.666945980778,9863.918877472175,6318.017643715446,0.3544111334419023,0.25932615308219453,7277.054179019785,0.7669121323983763,8.67986798286438
396,0.07684545929944432,5,6,0.8688542189623514,0.7,squared_error,27760.772495631427,10644.593218186255,10017.549813402034,4394.551772774747,0.3592888850252433,0.1944065587408455,6698.09472419222,0.7659348064695563,2.1330324172973634
1456,0.02077006447411961,6,22,0.7737577462041715,0.5,huber,27774.51054373182,19269.94327657054,9916.907829296424,5854.290594540328,0.35489504633320196,0.24099528293498546,7260.6223477153835,0.7676075541458147,12.308124589920045
1333,0.02184472491888753,5,5,0.8532405829093072,,squared_error,27789.9134456939,9952.320252965643,9902.777021993175,4136.803908731836,0.3594956249300848,0.18576352506468471,7090.338191611339,0.764321503722232,10.27278037071228
687,0.015057346699094644,6,23,0.9240453578716723,0.7,huber,27837.20732147431,23335.642412412075,9746.714986342671,7237.669362015264,0.3501562355521825,0.279407943681377,7269.329631910003,0.7680165496873863,8.30713710784912
1333,0.03419168411765895,6,13,0.8395461865954144,sqrt,squared_error,27861.695058691956,11898.984382437371,9921.777914304668,4648.070790495057,0.35817658163306,0.19911868308208214,7025.5173234693275,0.7665638501614429,2.9972927570343018
913,0.0261423416776307,6,20,0.871025744736913,0.5,huber,27896.22297861365,19548.24024352887,9894.506802104146,5983.108884465849,0.35332587517401626,0.24613805298886043,7484.791743855896,0.7658733258035142,8.331894445419312
1391,0.041149615546913355,4,5,0.6943939678995823,,squared_error,27925.194622700044,10329.003789972234,10045.172185780295,4293.044955908731,0.3650320581076627,0.18756452729147544,7098.686630955886,0.7629505867635793,7.412398147583008
310,0.0794650948407619,6,4,0.6072301454462083,,huber,27943.81042112018,10733.268903136177,9952.04110979787,3608.124609376717,0.36205255646397,0.18297232617782241,6767.5597795695085,0.7651234787510047,4.054761075973511
1289,0.036064541947720755,4,1,0.7177795568278342,sqrt,squared_error,27949.713820070745,10388.938767957594,9879.60203805511,4832.2665846095715,0.35812471497959025,0.2163756043464819,7317.623635483929,0.7637122057966408,2.033969354629517
602,0.02854056124891912,5,1,0.6920741072966221,0.5,squared_error,28044.522073187603,10457.362993501198,9900.478280735862,4820.665450325683,0.3560063172828195,0.20786970544226757,7115.654279555588,0.7608327686208624,2.212832546234131
184,0.03738105868191797,5,8,0.9637281608315128,,squared_error,28065.43589506285,18177.390305861798,9750.808490141379,6692.825127222639,0.35266131389726324,0.27145458584135285,7087.902423489198,0.759797880647511,1.4454912185668944
185,0.13430342707628237,5,7,0.9193180715867101,0.7,squared_error,28102.22789016004,12124.659977241996,9995.588576637472,4962.41565144598,0.35925514994500285,0.21543407276644197,6594.188259223731,0.7594980729608001,1.0710701942443848
1210,0.040870684282336624,6,3,0.9713274250350902,0.7,huber,28175.99015513187,6787.625047271284,10078.518790417329,1871.8494133789177,0.3632569266343467,0.1325447267303377,6469.93969723439,0.75996251198717,16.843515348434448
277,0.03169740407143986,2,3,0.7490747468376198,sqrt,squared_error,28218.03982225866,26830.72524032643,10291.132277454262,9598.387527290004,0.36798156943391,0.35121258165329855,6902.953430999326,0.7607187233343458,0.35178537368774415
1447,0.011492999300221412,6,7,0.9795542149013333,,squared_error,28404.96263994323,11456.64474697192,9984.432782707638,4586.245031109438,0.35648136822798887,0.20469892861189937,6831.240776704659,0.7546186128955725,14.194980764389038
1404,0.11107120377605907,5,11,0.9627313766183017,0.7,huber,28414.31557169598,7789.8522115602045,10345.473650929654,2146.5756760656595,0.3756003991987318,0.14136385259720294,6968.944198211769,0.7552670786112291,13.760360813140869
1166,0.08039635775045267,5,16,0.8066543565084057,sqrt,squared_error,28484.268660767742,11286.185378945174,10302.703851451148,4462.5052630830305,0.3675726106287086,0.1918706941721957,6926.017064024602,0.7553577956441393,2.043542909622192
951,0.07866092025280633,3,1,0.6959149436629612,0.7,squared_error,28548.725926851097,11063.92754711292,10315.820333349537,5068.201532716774,0.3673185516308713,0.21617539464485538,7574.380619852314,0.7533587694936846,3.508667516708374
1445,0.013247440152308316,6,1,0.8066785029706267,,squared_error,28557.404722716143,6381.558383996011,10009.547396421429,3100.813838052053,0.36174758384561245,0.142686478520167,6554.297592314217,0.7492792968062907,10.92987699508667
293,0.1903106115057642,4,16,0.9341209982356952,0.5,huber,28646.340694003993,17024.174410456973,10163.749425582448,5659.465946849262,0.35762255805631,0.24878401949966275,7551.673568847416,0.7529044978812535,1.8641820430755616
1047,0.18043311207136256,3,21,0.8736932106048627,,huber,28663.416548722256,14100.569066346821,10326.853553913219,4957.357173387679,0.3673618678816778,0.2270689954916682,7288.193918849667,0.7510660761548754,6.985379457473755
528,0.11506408247250169,4,1,0.6296178606936361,0.5,squared_error,28694.659635473603,8140.984898137957,10455.78633777717,3922.454155459737,0.3761335984872818,0.17430866721821814,6813.521944998962,0.7485896369830398,1.4862706184387207
1334,0.18276027831785724,3,21,0.7216968971838151,sqrt,huber,28794.106312432792,16054.775398457146,10359.975868477788,5587.06420712243,0.3656459488919581,0.2437243738367621,7341.598768369755,0.7496113782017411,4.372987699508667
1407,0.046184639800512954,6,19,0.7350460685614512,,squared_error,28795.552938747074,10392.506391990872,10405.053469926206,3851.4188396685286,0.3742150184930021,0.16057085483452455,7067.840649655188,0.7491163669613665,10.823633432388306
1316,0.07008459532729372,5,23,0.7502331810559776,0.5,huber,29009.374716919952,15029.48071559781,10419.274634304298,4489.794402402422,0.3661866953998582,0.20448354346124947,7628.575707212104,0.7447318216616878,9.499651765823364
1398,0.062095693648805635,5,23,0.8537405378805455,0.7,huber,29020.267899801296,14586.61188482797,10285.820871418302,4384.153035535142,0.3660757290769085,0.2038059456391103,7497.456354763198,0.7452880980093083,11.959805250167847
634,0.010987283063579408,2,4,0.69971689165955,sqrt,squared_error,29256.706809558662,28204.934177517112,10418.952766955234,9873.794442784521,0.3726113631124052,0.35897260253578506,7052.081108092617,0.7436199477992659,0.6415228366851806
940,0.09290130113930249,6,21,0.7713257899760431,0.7,huber,29468.811239145616,13118.931123302751,10568.743934654118,3540.9659715626112,0.3722236617816178,0.17406981781187408,7763.616877189333,0.7361971529413645,9.878117942810059
869,0.16055024777571028,5,8,0.8989280440549523,,squared_error,29907.639326392662,3529.761461322243,10841.455343869231,1562.6475954277494,0.3894832433293382,0.08062269786906429,6489.350343023268,0.7292477996734641,6.785418319702148
280,0.011900590783184251,6,8,0.608233797718321,sqrt,huber,30779.30583360408,28780.123967874017,10094.860192139826,8782.569659444724,0.35885061749799363,0.3198030434749105,7084.196496866288,0.7167914246569762,2.5714890480041506
