key,config,confirm_rep_cv_rmse,confirm_rep_cv_sd
xgboost_model,deep,27005.26721716146,5041.083176894749
xgboost_model,tuned_v1,27604.92482565319,4851.349726626198
lightgbm_model,tuned,27960.431434453116,4590.255533983883
gradient_boosting,default,28266.381904575213,4803.390957842687
catboost_model,tuned,28268.99519574657,4725.011518188464
random_forest,deep,28376.160597957834,5393.366824534432
random_forest,tuned_v1,28546.48178129791,5182.673179913401
random_forest,default,29062.159887017024,5124.903509652304
xgboost_model,default,29557.892511221715,4987.375358014459
