number,search_cv_rmse,user_attrs_cv_std,user_attrs_est_params,params_depth_limited,params_max_depth,params_max_features,params_max_samples,params_min_samples_leaf,params_min_samples_split,params_n_estimators,duration
38,27969.01293490055,6201.702670883387,"{'n_estimators': 400, 'max_features': 0.9837664885053818, 'min_samples_leaf': 3, 'min_samples_split': 9, 'max_samples': 0.7312995360024881, 'max_depth': 33}",True,33.0,0.9837664885053818,0.7312995360024881,3,9,400,0 days 00:00:02.423971
53,27973.00903029609,6286.370751115841,"{'n_estimators': 300, 'max_features': 0.9789163329151185, 'min_samples_leaf': 3, 'min_samples_split': 7, 'max_samples': 0.7650494418729814, 'max_depth': 35}",True,35.0,0.9789163329151185,0.7650494418729814,3,7,300,0 days 00:00:02.207685
40,28022.138798267424,6366.393348969059,"{'n_estimators': 500, 'max_features': 0.979479309541856, 'min_samples_leaf': 3, 'min_samples_split': 7, 'max_samples': 0.693528648914193, 'max_depth': 33}",True,33.0,0.979479309541856,0.693528648914193,3,7,500,0 days 00:00:02.961657
56,28030.20711614505,6267.979470398639,"{'n_estimators': 300, 'max_features': 0.9432802389085798, 'min_samples_leaf': 3, 'min_samples_split': 8, 'max_samples': 0.8088967929862967, 'max_depth': 32}",True,32.0,0.9432802389085798,0.8088967929862967,3,8,300,0 days 00:00:02.155159
35,28032.733414465813,6268.043398883807,"{'n_estimators': 700, 'max_features': 0.9947177814741155, 'min_samples_leaf': 3, 'min_samples_split': 9, 'max_samples': 0.7751537355397606, 'max_depth': 29}",True,29.0,0.9947177814741155,0.7751537355397606,3,9,700,0 days 00:00:03.948484
43,28032.985122506427,6332.012573549711,"{'n_estimators': 600, 'max_features': 0.9623884358795278, 'min_samples_leaf': 3, 'min_samples_split': 7, 'max_samples': 0.6770241032574523, 'max_depth': 32}",True,32.0,0.9623884358795278,0.6770241032574523,3,7,600,0 days 00:00:03.226421
25,28035.42802995912,6179.527333041081,"{'n_estimators': 300, 'max_features': 0.9043418942663299, 'min_samples_leaf': 3, 'min_samples_split': 9, 'max_samples': 0.7870126830050859, 'max_depth': 34}",True,34.0,0.9043418942663299,0.7870126830050859,3,9,300,0 days 00:00:02.263462
58,28049.09552112511,6244.403818745759,"{'n_estimators': 300, 'max_features': 0.9554305220039131, 'min_samples_leaf': 2, 'min_samples_split': 8, 'max_samples': 0.7966947263380659, 'max_depth': 22}",True,22.0,0.9554305220039131,0.7966947263380659,2,8,300,0 days 00:00:02.429994
55,28053.289620481984,6118.715199190886,"{'n_estimators': 300, 'max_features': 0.9428249172666612, 'min_samples_leaf': 3, 'min_samples_split': 12, 'max_samples': 0.793541209342786, 'max_depth': 35}",True,35.0,0.9428249172666612,0.793541209342786,3,12,300,0 days 00:00:02.237259
50,28056.415771241842,6172.776423218739,"{'n_estimators': 600, 'max_features': 0.9555975596796769, 'min_samples_leaf': 2, 'min_samples_split': 12, 'max_samples': 0.7231275839020121, 'max_depth': 39}",True,39.0,0.9555975596796769,0.7231275839020121,2,12,600,0 days 00:00:05.170868
37,28059.98930842901,6212.869629062606,"{'n_estimators': 600, 'max_features': 0.9990176945984478, 'min_samples_leaf': 2, 'min_samples_split': 10, 'max_samples': 0.8495215115230903, 'max_depth': 33}",True,33.0,0.9990176945984478,0.8495215115230903,2,10,600,0 days 00:00:03.667303
31,28062.711656544765,6265.5407690261545,"{'n_estimators': 500, 'max_features': 0.9536029028844655, 'min_samples_leaf': 3, 'min_samples_split': 9, 'max_samples': 0.7868616757959555, 'max_depth': 29}",True,29.0,0.9536029028844655,0.7868616757959555,3,9,500,0 days 00:00:03.008289
26,28069.020330966487,6254.124696497718,"{'n_estimators': 500, 'max_features': 0.884814239597132, 'min_samples_leaf': 3, 'min_samples_split': 9, 'max_samples': 0.7702895776846962, 'max_depth': 35}",True,35.0,0.884814239597132,0.7702895776846962,3,9,500,0 days 00:00:03.107055
45,28075.718527070152,6305.414465924783,"{'n_estimators': 400, 'max_features': 0.8628083296211984, 'min_samples_leaf': 3, 'min_samples_split': 8, 'max_samples': 0.6456182095465598, 'max_depth': 12}",True,12.0,0.8628083296211984,0.6456182095465598,3,8,400,0 days 00:00:02.025275
30,28084.469132045808,6232.043234055506,"{'n_estimators': 500, 'max_features': 0.9863566494548663, 'min_samples_leaf': 1, 'min_samples_split': 8, 'max_samples': 0.6447199626310245, 'max_depth': 30}",True,30.0,0.9863566494548663,0.6447199626310245,1,8,500,0 days 00:00:02.986453
41,28086.17897816198,6222.1969842569615,"{'n_estimators': 700, 'max_features': 0.9739270182123958, 'min_samples_leaf': 3, 'min_samples_split': 10, 'max_samples': 0.704809985000998, 'max_depth': 33}",True,33.0,0.9739270182123958,0.704809985000998,3,10,700,0 days 00:00:03.947784
44,28090.589256715983,6393.874995505631,"{'n_estimators': 700, 'max_features': 0.9342097603166742, 'min_samples_leaf': 3, 'min_samples_split': 6, 'max_samples': 0.6739033056136388, 'max_depth': 29}",True,29.0,0.9342097603166742,0.6739033056136388,3,6,700,0 days 00:00:03.735422
20,28092.644977205364,6255.004893318481,"{'n_estimators': 400, 'max_features': 0.9045666760372694, 'min_samples_leaf': 5, 'min_samples_split': 8, 'max_samples': 0.769385538515915, 'max_depth': 27}",True,27.0,0.9045666760372694,0.769385538515915,5,8,400,0 days 00:00:02.266778
54,28093.765970051714,6248.357741144778,"{'n_estimators': 400, 'max_features': 0.9464461511255668, 'min_samples_leaf': 4, 'min_samples_split': 6, 'max_samples': 0.7343316737823843, 'max_depth': 31}",True,31.0,0.9464461511255668,0.7343316737823843,4,6,400,0 days 00:00:02.943599
49,28100.430080063157,6173.6934080965775,"{'n_estimators': 400, 'max_features': 0.9899174931467152, 'min_samples_leaf': 1, 'min_samples_split': 10, 'max_samples': 0.7924590113537028, 'max_depth': 24}",True,24.0,0.9899174931467152,0.7924590113537028,1,10,400,0 days 00:00:03.068274
33,28100.737381119012,6224.368262125758,"{'n_estimators': 500, 'max_features': 0.9184262705216857, 'min_samples_leaf': 1, 'min_samples_split': 7, 'max_samples': 0.6468389634979179, 'max_depth': 36}",True,36.0,0.9184262705216857,0.6468389634979179,1,7,500,0 days 00:00:02.931989
28,28103.65317710355,6410.453967634614,"{'n_estimators': 400, 'max_features': 0.7148957635632962, 'min_samples_leaf': 3, 'min_samples_split': 8, 'max_samples': 0.7263832160597177, 'max_depth': 34}",True,34.0,0.7148957635632962,0.7263832160597177,3,8,400,0 days 00:00:02.045033
32,28105.139261615142,6221.096374966385,"{'n_estimators': 500, 'max_features': 0.9009372702145594, 'min_samples_leaf': 3, 'min_samples_split': 11, 'max_samples': 0.7870363543527416, 'max_depth': 30}",True,30.0,0.9009372702145594,0.7870363543527416,3,11,500,0 days 00:00:02.854130
57,28109.212966785988,6240.003588214481,"{'n_estimators': 500, 'max_features': 0.9950047809323578, 'min_samples_leaf': 3, 'min_samples_split': 9, 'max_samples': 0.6691877732330455, 'max_depth': 29}",True,29.0,0.9950047809323578,0.6691877732330455,3,9,500,0 days 00:00:03.052328
46,28110.225056997228,6415.173958911252,"{'n_estimators': 600, 'max_features': 0.829177156399969, 'min_samples_leaf': 3, 'min_samples_split': 6, 'max_samples': 0.6531245999906359, 'max_depth': 36}",True,36.0,0.829177156399969,0.6531245999906359,3,6,600,0 days 00:00:03.053974
34,28111.726203008013,6066.266541786707,"{'n_estimators': 400, 'max_features': 0.8959093756562344, 'min_samples_leaf': 4, 'min_samples_split': 13, 'max_samples': 0.8765807189264359, 'max_depth': 32}",True,32.0,0.8959093756562344,0.8765807189264359,4,13,400,0 days 00:00:02.336735
27,28121.005600243156,6240.0420485146215,"{'n_estimators': 400, 'max_features': 0.8613218723622086, 'min_samples_leaf': 3, 'min_samples_split': 9, 'max_samples': 0.7141550109641849, 'max_depth': 35}",True,35.0,0.8613218723622086,0.7141550109641849,3,9,400,0 days 00:00:02.201729
47,28124.690672313445,6360.023806258775,"{'n_estimators': 300, 'max_features': 0.7589693159449485, 'min_samples_leaf': 3, 'min_samples_split': 6, 'max_samples': 0.8557574486754398, 'max_depth': 32}",True,32.0,0.7589693159449485,0.8557574486754398,3,6,300,0 days 00:00:01.768867
52,28137.752904502937,6315.892276893058,"{'n_estimators': 600, 'max_features': 0.8813232585070204, 'min_samples_leaf': 4, 'min_samples_split': 8, 'max_samples': 0.6992218864090166, 'max_depth': 38}",True,38.0,0.8813232585070204,0.6992218864090166,4,8,600,0 days 00:00:04.179184
29,28154.637164515512,6300.2827870365245,"{'n_estimators': 400, 'max_features': 0.8089405071003669, 'min_samples_leaf': 4, 'min_samples_split': 7, 'max_samples': 0.8045888611636771, 'max_depth': 34}",True,34.0,0.8089405071003669,0.8045888611636771,4,7,400,0 days 00:00:02.240640
42,28168.581845104352,6148.725688370386,"{'n_estimators': 700, 'max_features': 0.965715704756911, 'min_samples_leaf': 1, 'min_samples_split': 12, 'max_samples': 0.8434700497660403, 'max_depth': 37}",True,37.0,0.965715704756911,0.8434700497660403,1,12,700,0 days 00:00:04.120106
51,28169.343439817058,6187.202373889289,"{'n_estimators': 500, 'max_features': 0.9974901103797055, 'min_samples_leaf': 3, 'min_samples_split': 13, 'max_samples': 0.7502185237564013, 'max_depth': 39}",True,39.0,0.9974901103797055,0.7502185237564013,3,13,500,0 days 00:00:04.399510
39,28174.983432621946,6327.483173664331,"{'n_estimators': 500, 'max_features': 0.8701759436727782, 'min_samples_leaf': 3, 'min_samples_split': 7, 'max_samples': 0.9014960578283594, 'max_depth': 33}",True,33.0,0.8701759436727782,0.9014960578283594,3,7,500,0 days 00:00:03.142713
36,28177.448911948264,6203.749430376172,"{'n_estimators': 600, 'max_features': 0.7762597526349257, 'min_samples_leaf': 4, 'min_samples_split': 10, 'max_samples': 0.8196933958718504, 'max_depth': 38}",True,38.0,0.7762597526349257,0.8196933958718504,4,10,600,0 days 00:00:03.061350
59,28186.803248733428,6328.524823966558,"{'n_estimators': 500, 'max_features': 0.990611420714543, 'min_samples_leaf': 4, 'min_samples_split': 7, 'max_samples': 0.6277041570936114, 'max_depth': 32}",True,32.0,0.990611420714543,0.6277041570936114,4,7,500,0 days 00:00:03.018957
22,28216.948716798157,6232.429063624259,"{'n_estimators': 300, 'max_features': 0.8043771225087772, 'min_samples_leaf': 5, 'min_samples_split': 8, 'max_samples': 0.7261542833340504, 'max_depth': 26}",True,26.0,0.8043771225087772,0.7261542833340504,5,8,300,0 days 00:00:01.868146
21,28223.621617231314,6268.447300389913,"{'n_estimators': 300, 'max_features': 0.9936272549726601, 'min_samples_leaf': 5, 'min_samples_split': 5, 'max_samples': 0.7005716054100788, 'max_depth': 27}",True,27.0,0.9936272549726601,0.7005716054100788,5,5,300,0 days 00:00:01.931026
48,28229.721421071084,6095.431682831572,"{'n_estimators': 300, 'max_features': 0.9612873932607618, 'min_samples_leaf': 3, 'min_samples_split': 11, 'max_samples': 0.7208008301651796, 'max_depth': 8}",True,8.0,0.9612873932607618,0.7208008301651796,3,11,300,0 days 00:00:01.599614
23,28234.501535041076,6155.115685218898,"{'n_estimators': 300, 'max_features': 0.8728905250066217, 'min_samples_leaf': 6, 'min_samples_split': 8, 'max_samples': 0.7898478364226852, 'max_depth': 26}",True,26.0,0.8728905250066217,0.7898478364226852,6,8,300,0 days 00:00:01.982670
5,28267.598480716366,6361.260089238422,"{'n_estimators': 400, 'max_features': 0.7473864212097255, 'min_samples_leaf': 5, 'min_samples_split': 4, 'max_samples': 0.7475884550556351, 'max_depth': 16}",True,16.0,0.7473864212097255,0.7475884550556351,5,4,400,0 days 00:00:02.096160
24,28335.682430059045,6407.357599667637,"{'n_estimators': 300, 'max_features': 0.9885633368239817, 'min_samples_leaf': 2, 'min_samples_split': 4, 'max_samples': 0.6870261944039235, 'max_depth': 28}",True,28.0,0.9885633368239817,0.6870261944039235,2,4,300,0 days 00:00:02.320397
14,28368.93354224979,6234.660165702078,"{'n_estimators': 800, 'max_features': 0.8822416348919787, 'min_samples_leaf': 6, 'min_samples_split': 8, 'max_samples': 0.7125113861307304, 'max_depth': 40}",True,40.0,0.8822416348919787,0.7125113861307304,6,8,800,0 days 00:00:04.019665
15,28390.353718720562,6286.802015141038,"{'n_estimators': 800, 'max_features': 0.9074656339824507, 'min_samples_leaf': 6, 'min_samples_split': 8, 'max_samples': 0.6812383217782719, 'max_depth': 23}",True,23.0,0.9074656339824507,0.6812383217782719,6,8,800,0 days 00:00:03.843881
10,28485.002214480734,6198.333432009672,"{'n_estimators': 300, 'max_features': 0.9529499416032051, 'min_samples_leaf': 1, 'min_samples_split': 5, 'max_samples': 0.8700786868883791, 'max_depth': 37}",True,37.0,0.9529499416032051,0.8700786868883791,1,5,300,0 days 00:00:02.437528
12,28498.56425848681,6132.8318159001055,"{'n_estimators': 600, 'max_features': 0.9573586374938651, 'min_samples_leaf': 8, 'min_samples_split': 8, 'max_samples': 0.9183648388518499, 'max_depth': 25}",True,25.0,0.9573586374938651,0.9183648388518499,8,8,600,0 days 00:00:03.739715
13,28620.90597989157,6187.167605300817,"{'n_estimators': 900, 'max_features': 0.7638661414490269, 'min_samples_leaf': 8, 'min_samples_split': 4, 'max_samples': 0.8832277316192203, 'max_depth': 21}",True,21.0,0.7638661414490269,0.8832277316192203,8,4,900,0 days 00:00:04.701732
11,28624.029127341368,6078.327535795463,"{'n_estimators': 300, 'max_features': 0.7559211466074639, 'min_samples_leaf': 1, 'min_samples_split': 2, 'max_samples': 0.8452926785541843, 'max_depth': 39}",True,39.0,0.7559211466074639,0.8452926785541843,1,2,300,0 days 00:00:02.341709
1,28624.65031959582,6231.399213146229,"{'n_estimators': 1400, 'max_features': 0.6808920093945671, 'min_samples_leaf': 8, 'min_samples_split': 2, 'max_samples': 0.9849549260809971, 'max_depth': None}",False,,0.6808920093945671,0.9849549260809971,8,2,1400,0 days 00:00:07.007178
16,28701.274644315163,6246.02722968968,"{'n_estimators': 1200, 'max_features': 0.959488502666794, 'min_samples_leaf': 7, 'min_samples_split': 10, 'max_samples': 0.6068797426884988, 'max_depth': 31}",True,31.0,0.959488502666794,0.6068797426884988,7,10,1200,0 days 00:00:05.494787
8,28817.140158350452,6249.216003922373,"{'n_estimators': 700, 'max_features': 0.5109418317515856, 'min_samples_leaf': 3, 'min_samples_split': 17, 'max_samples': 0.6783766633467947, 'max_depth': 12}",True,12.0,0.5109418317515856,0.6783766633467947,3,17,700,0 days 00:00:02.766940
19,28938.65298215102,6449.411980995444,"{'n_estimators': 800, 'max_features': 0.5534428615925078, 'min_samples_leaf': 7, 'min_samples_split': 7, 'max_samples': 0.7357548043447799, 'max_depth': 17}",True,17.0,0.5534428615925078,0.7357548043447799,7,7,800,0 days 00:00:03.601794
7,29048.10691694628,6132.0383974528995,"{'n_estimators': 1500, 'max_features': 0.9158618803421191, 'min_samples_leaf': 6, 'min_samples_split': 19, 'max_samples': 0.5442462510259598, 'max_depth': None}",False,,0.9158618803421191,0.5442462510259598,6,19,1500,0 days 00:00:06.730019
18,29049.07696646023,6504.2993745002395,"{'n_estimators': 500, 'max_features': 0.46484690182209837, 'min_samples_leaf': 6, 'min_samples_split': 3, 'max_samples': 0.7121382921775881, 'max_depth': 31}",True,31.0,0.46484690182209837,0.7121382921775881,6,3,500,0 days 00:00:01.967468
0,29104.012315940985,6211.060851683062,"{'n_estimators': 700, 'max_features': 0.960571445127933, 'min_samples_leaf': 8, 'min_samples_split': 13, 'max_samples': 0.5780093202212182, 'max_depth': None}",False,,0.960571445127933,0.5780093202212182,8,13,700,0 days 00:00:03.429515
6,29246.87006689713,6537.925949880549,"{'n_estimators': 1100, 'max_features': 0.4493688608715288, 'min_samples_leaf': 6, 'min_samples_split': 12, 'max_samples': 0.5924272277627636, 'max_depth': None}",False,,0.4493688608715288,0.5924272277627636,6,12,1100,0 days 00:00:04.613489
4,29270.56772889835,6474.777118068933,"{'n_estimators': 1000, 'max_features': 0.33641929894983325, 'min_samples_leaf': 1, 'min_samples_split': 20, 'max_samples': 0.9828160165372797, 'max_depth': None}",False,,0.33641929894983325,0.9828160165372797,1,20,1000,0 days 00:00:04.766401
2,29280.981811365997,6598.110038463296,"{'n_estimators': 500, 'max_features': 0.3467236078827471, 'min_samples_leaf': 4, 'min_samples_split': 11, 'max_samples': 0.7159725093210578, 'max_depth': 12}",True,12.0,0.3467236078827471,0.7159725093210578,4,11,500,0 days 00:00:01.943494
17,29285.53608109305,6178.572221665169,"{'n_estimators': 500, 'max_features': 0.8466321038876307, 'min_samples_leaf': 8, 'min_samples_split': 3, 'max_samples': 0.5581473637443559, 'max_depth': 18}",True,18.0,0.8466321038876307,0.5581473637443559,8,3,500,0 days 00:00:02.500348
3,29340.68581932627,6414.858154201206,"{'n_estimators': 600, 'max_features': 0.4930894746349534, 'min_samples_leaf': 5, 'min_samples_split': 16, 'max_samples': 0.5998368910791798, 'max_depth': 9}",True,9.0,0.4930894746349534,0.5998368910791798,5,16,600,0 days 00:00:02.393300
9,32527.63170919388,6941.26337682017,"{'n_estimators': 1300, 'max_features': 0.2596405149438167, 'min_samples_leaf': 10, 'min_samples_split': 16, 'max_samples': 0.5993578407670862, 'max_depth': 31}",True,31.0,0.2596405149438167,0.5993578407670862,10,16,1300,0 days 00:00:04.421602
