key,model,config,cv5_rmse,rep_cv_rmse_5x3,rep_cv_sd,val_rmse,val_mae,val_r2,val_mape,test_rmse,test_mae,test_r2,test_mape
lightgbm_model,LightGBM Regressor (tuned),tuned,26541.40090379712,27432.16790041993,6286.371555317489,46065.22181207247,11839.610846111673,0.5955776302957739,0.2947666391267172,23725.93741347962,9775.24848729622,0.8053046430835364,0.2961315182485937
catboost_model,CatBoost Regressor (tuned),tuned,26984.936206109305,27869.524528592603,7054.594532464036,45749.16688950459,11687.21119515565,0.6011081015851378,0.2909759113940556,23300.137786400857,9525.939191595677,0.8122301703659927,0.2964828426990775
gradient_boosting,Gradient Boosting Regressor (default),default,28000.18839187812,28122.231896662895,7094.643451662145,45881.91166309735,11895.77986853358,0.5987899113838069,0.2940060129190027,22638.878171235065,9442.8486655071,0.8227367781907461,0.2938397466083749
random_forest,Random Forest Regressor (default),default,28896.37192517009,29360.892329804643,6436.588965328928,45741.69187315447,11668.185339398038,0.6012384418764017,0.305288911074519,21931.23261557308,9093.737589520186,0.8336453609491725,0.2994693954444297
xgboost_model,XGBoost Regressor (default),default,28418.802341698327,29387.04289860679,6814.542944476241,45216.99503505292,12164.798828125,0.6103342771530151,0.306352436542511,21313.160629057344,9670.041015625,0.8428897261619568,0.3100194931030273
elastic_net,Elastic Net (tuned),tuned,29644.27140522883,29716.696510510064,7358.028349442867,52930.01717642478,13540.69353269932,0.4660594481317124,0.3180896902449925,28714.75565795824,10560.862253849577,0.7148199873648708,0.3153044648378516
lasso_regression,Lasso Regression (tuned),tuned,29644.27140522883,29716.696510510064,7358.028349442867,52930.01717642478,13540.69353269932,0.4660594481317124,0.3180896902449925,28714.75565795824,10560.862253849577,0.7148199873648708,0.3153044648378516
ridge_regression,Ridge Regression (default),default,29992.014129310934,29952.21313636639,7044.61732197921,51940.82803467999,13588.794109578752,0.4858301890451151,0.3181501700274113,28480.519528086497,10659.476458338311,0.7194536335768174,0.3148963378159829
linear_regression,Linear Regression (default),default,30056.250516438555,29998.652669254567,7000.903632816998,51834.1232799997,13595.82389058806,0.487940590833173,0.318272139232687,28486.832851843683,10670.89786570542,0.7193292414393364,0.3150014935241229
decision_tree,Decision Tree Regressor (tuned),tuned,29802.27872554292,31420.489312599057,7020.209000609838,49089.96162501152,14437.96432665329,0.5407235030367741,0.3558823161814844,23957.48295186404,10652.441718679327,0.8014859684977392,0.3383888384745746
