key,model,config,reference_id,train_time_s,cv_rmse,cv_rmse_std,train_mae,train_mse,train_rmse,train_r2,train_adj_r2,train_mape,val_mae,val_mse,val_rmse,val_r2,val_adj_r2,val_mape,test_mae,test_mse,test_rmse,test_r2,test_adj_r2,test_mape
lightgbm_model,LightGBM Regressor (tuned),tuned,70560d1bd70af7cd,0.854,26541.40090379712,6424.092863479851,7351.1509184794,455408131.1437277,21340.29360490918,0.8642688936595964,0.8628610664431309,0.2132986781181662,11839.610846111673,2122004660.5954368,46065.22181207247,0.5955776302957739,0.5752368602218927,0.2947666391267172,9775.24848729622,562920106.148352,23725.93741347962,0.8053046430835364,0.7955122730611108,0.2961315182485937
catboost_model,CatBoost Regressor (tuned),tuned,70560d1bd70af7cd,1.05,26984.936206109305,7826.450934547462,6772.842761999145,270047374.1043836,16433.118210016735,0.9195143293567132,0.918679517641682,0.2182807212511424,11687.21119515565,2092986271.0837424,45749.16688950459,0.6011081015851378,0.5810454913098341,0.2909759113940556,9525.939191595677,542896420.865265,23300.137786400857,0.8122301703659927,0.8027861256802585,0.2964828426990775
gradient_boosting,Gradient Boosting Regressor (default),default,70560d1bd70af7cd,0.658,28000.18839187812,6923.766628480695,8087.490477812525,452211197.1555641,21265.257984693348,0.8652217167592211,0.8638237723936975,0.2453892991239261,11895.77986853358,2105149817.8602688,45881.91166309735,0.5987899113838069,0.5786107057433475,0.2940060129190027,9442.8486655071,512518804.85202354,22638.878171235065,0.8227367781907461,0.8138211723601031,0.2938397466083749
xgboost_model,XGBoost Regressor (default),default,70560d1bd70af7cd,0.353,28418.802341698327,5953.790579410876,3108.67431640625,46040880.0,6785.343027437891,0.9862778186798096,0.9861354897704482,0.117869809269905,12164.798828125,2044576640.0,45216.99503505292,0.6103342771530151,0.5907357052938473,0.306352436542511,9670.041015625,454250816.0,21313.160629057344,0.8428897261619568,0.8349877301405167,0.3100194931030273
random_forest,Random Forest Regressor (default),default,70560d1bd70af7cd,0.886,28896.37192517009,5895.394730032848,4038.727680038277,184227708.7485568,13573.050826861176,0.9450922611675822,0.9445227483181916,0.0985989706558635,11668.185339398038,2092302375.418605,45741.69187315447,0.6012384418764017,0.5811823871778776,0.305288911074519,9093.737589520186,480978964.03837633,21931.23261557308,0.8336453609491725,0.8252784116477996,0.2994693954444297
elastic_net,Elastic Net (tuned),tuned,70560d1bd70af7cd,0.011,29644.27140522883,7484.405627168609,10562.351259734603,919819695.0024006,30328.52939069748,0.7258543791855,0.7230108919653374,0.2931234895809241,13540.69353269932,2801586718.296622,52930.01717642478,0.4660594481317124,0.4392044499608222,0.3180896902449925,10560.862253849577,824537192.4962448,28714.75565795824,0.7148199873648708,0.7004766139483111,0.3153044648378516
lasso_regression,Lasso Regression (tuned),tuned,70560d1bd70af7cd,0.013,29644.27140522883,7484.405627168609,10562.351259734603,919819695.0024006,30328.52939069748,0.7258543791855,0.7230108919653374,0.2931234895809241,13540.69353269932,2801586718.296622,52930.01717642478,0.4660594481317124,0.4392044499608222,0.3180896902449925,10560.862253849577,824537192.4962448,28714.75565795824,0.7148199873648708,0.7004766139483111,0.3153044648378516
decision_tree,Decision Tree Regressor (tuned),tuned,70560d1bd70af7cd,0.014,29802.278725542918,5660.093530754591,9382.19833315278,660108170.2254052,25692.570331233997,0.803259524541171,0.8012188972789378,0.2753882113607765,14437.96432665329,2409824332.345104,49089.96162501152,0.5407235030367741,0.5176237975682094,0.3558823161814844,10652.441718679327,573960989.388856,23957.48295186404,0.8014859684977392,0.7915015349606432,0.3383888384745746
ridge_regression,Ridge Regression (default),default,70560d1bd70af7cd,0.071,29992.014129310934,6947.47298982879,10501.157135309524,902117748.8955193,30035.275076075453,0.7311303164495777,0.7283415521906655,0.2900188381692499,13588.794109578752,2697849616.9281983,51940.82803467999,0.4858301890451151,0.4599695772515262,0.3181501700274113,10659.476458338311,811139992.5897163,28480.519528086497,0.7194536335768174,0.7053433133721011,0.3148963378159829
linear_regression,Linear Regression (default),default,70560d1bd70af7cd,0.021,30056.250516438555,6849.8579057816505,10502.981856925864,902456988.4372202,30040.92189725908,0.7310292085528131,0.7282393955847825,0.2899635116527054,13595.82389058806,2686776336.2062078,51834.1232799997,0.487940590833173,0.4621861235082142,0.318272139232687,10670.89786570542,811499645.9288805,28486.832851843683,0.7193292414393364,0.7052126648253385,0.3150014935241229
baseline_mean,Baseline (mean rent) (default),default,70560d1bd70af7cd,0.002,57519.71191240191,7007.550048294201,29894.47598057174,3355223009.8353257,57924.28687377451,0.0,-0.010372178157413,1.6797043371153733,31434.888977191247,5249037233.743042,72450.23970797504,-0.0003880369143056,-0.0507034115520075,1.7043373384262008,28778.77474747861,2892374740.325315,53780.802711797776,-0.0003762989687794,-0.05069108323644,1.6886990071828143
baseline_median,Baseline (median rent) (default),default,70560d1bd70af7cd,0.002,60326.15623292724,7229.39298473074,24054.16389978871,3685336360.553879,60706.97126816556,-0.0983879014154576,-0.1097805764148858,0.6499202831940967,25483.680731364275,5631001167.374121,75039.99711736482,-0.0731846532691835,-0.1271613961850892,0.6590327190925821,23028.815752461323,3184585086.5232067,56432.12814100853,-0.1014421465487354,-0.1568401243337309,0.6549834295281839
