model,key,configuration,train_rmse,train_rmse_std,train_r2,cv_rmse,cv_rmse_std,cv_mae,cv_r2,rep_cv_rmse_5x3,rep_cv_rmse_sd,val_rmse,val_mae,val_r2,val_mape,test_rmse,test_rmse_std,test_mae,test_mae_std,test_r2,test_r2_std,test_adj_r2,test_mape,cv_minus_train_rmse,train_time_s
Gradient Boosting,gradient_boosting,tuned,21276.83164914698,2797.077776408044,0.8650749700693185,26254.254911296204,7262.739782938251,9468.847035633044,0.7919669539796137,27067.24848076907,6924.657761966157,44562.51724018501,11767.588568953528,0.6215327830639035,0.28750574285431074,24387.174905042815,3393.555492616845,9719.83052684578,827.3143535962702,0.7943011707791486,0.0240600333978113,0.7839553716763248,0.2921325335122793,4977.423262149223,2.967812665970996
LightGBM,lightgbm_model,tuned,21340.29360490918,2562.091929317584,0.8642688936595964,26541.40090379712,6424.092863479851,9781.803858385163,0.7874661426143016,27432.16790041993,6286.371555317489,46065.221812072465,11839.610846111671,0.5955776302957739,0.2947666391267172,23725.93741347962,2854.483275202695,9775.24848729622,799.2240615896311,0.8053046430835364,0.0242956278278291,0.7955122730611108,0.29613151824859374,5201.107298887939,1.8372195418924093
XGBoost,xgboost_model,tuned,20274.42684763246,2420.6531392538686,0.8774887919425964,26784.142317641566,7086.897340043987,9641.27265625,0.783354115486145,27181.224243561523,6581.59721910696,44844.43653342073,11821.8818359375,0.6167290210723877,0.28952452540397644,22734.55097423303,2652.911935895746,9549.470703125,776.3956562323832,0.8212353587150574,0.024531197924952,0.8122442377036845,0.29279953241348267,6509.715470009105,0.7591202079784125
CatBoost,catboost_model,tuned,16433.118210016735,1479.559018626253,0.9195143293567132,26984.936206109305,7826.450934547462,9701.665571100093,0.7804908623220419,27869.524528592603,7054.594532464036,45749.16688950459,11687.21119515565,0.6011081015851378,0.2909759113940556,23300.137786400857,2909.6218786878408,9525.939191595677,777.7681726887955,0.8122301703659927,0.0284272179600991,0.8027861256802585,0.29648284269907754,10551.81799609257,0.7954543330706656
Random Forest,random_forest,deep,21915.916237381458,2670.922171100098,0.8568478509130475,27973.00903029609,6286.370751115835,9780.115739435414,0.7626621603893076,28501.047132451964,6683.145318627698,44885.34020700554,11588.748062057315,0.6160294828746251,0.29790540635189383,22122.42055733946,3080.551491721513,9174.212946757734,751.5853435567167,0.8307322886738973,0.0257737999400131,0.8222188239030578,0.2931117694989536,6057.092792914631,0.3369820839725435
Elastic Net,elastic_net,tuned,30328.52939069748,3639.065382324424,0.7258543791854999,29644.27140522882,7484.405627168608,10654.800129256215,0.736549127272113,29716.69651051006,7358.028349442862,52930.017176424764,13540.693532699319,0.46605944813171263,0.3180896902449927,28714.755657958245,5279.741138606453,10560.862253849577,1012.2383130757734,0.7148199873648708,0.043904569816942,0.7004766139483111,0.31530446483785163,-684.2579854686592,0.005423667142167687
Lasso Regression,lasso_regression,tuned,30328.52939069748,3603.210161297854,0.7258543791854999,29644.27140522882,7484.405627168608,10654.800129256215,0.736549127272113,29716.69651051006,7358.028349442862,52930.017176424764,13540.693532699319,0.46605944813171263,0.3180896902449927,28714.755657958245,5212.210437582661,10560.862253849577,991.1872457351184,0.7148199873648708,0.0434149618115687,0.7004766139483111,0.31530446483785163,-684.2579854686592,0.014188791858032346
Ridge Regression,ridge_regression,tuned,30141.667715286203,3585.6069135123994,0.7292221321815158,29786.502202719043,7507.239044721424,10638.667838083727,0.7338678868546231,29823.3494865966,7382.798405764977,52759.74345052972,13533.092439995322,0.46948925282064713,0.3175887375476567,28546.812009088655,5058.539805100016,10584.25254939912,1003.61155747032,0.7181460900445877,0.0392970002183533,0.7039700058160612,0.31496890749002465,-355.1655125671605,0.009393166983500123
Decision Tree,decision_tree,tuned,25692.570331233994,2481.93470969401,0.803259524541171,29802.278725542914,5660.093530754591,11357.924920577547,0.7288236191648039,31420.489312599057,7020.209000609838,49089.96162501152,14437.96432665329,0.5407235030367741,0.3558823161814844,23957.48295186404,2662.126647724255,10652.441718679327,788.0116153012667,0.8014859684977392,0.023671680301318,0.7915015349606432,0.3383888384745746,4109.70839430892,0.007561583071947098
Linear Regression,linear_regression,default,30040.92189725908,3493.0506483264157,0.7310292085528131,30056.250516438566,6849.857905781652,10675.988946805524,0.7286381376794294,29998.65266925456,7000.903632816995,51834.12327999972,13595.823890588077,0.48794059083317254,0.31827213923268716,28486.83285184374,4756.112284903927,10670.897865705434,992.1509264726318,0.7193292414393353,0.03450253768632,0.7052126648253374,0.31500149352412293,15.32861917948685,0.026394249871373177
Baseline (Mean),baseline_mean,default,57924.28687377451,3745.8597140150414,0.0,57519.71191240191,7007.550048294201,29900.60088613966,-0.0016977186703162506,,,72450.23970797504,31434.888977191247,-0.0003880369143056672,1.7043373384262008,53780.802711797776,6713.657750554432,28778.774747478612,1682.9808125373024,-0.0003762989687794427,0.0033597400177578,-0.050691083236440004,1.6886990071828143,-404.5749613726002,0.00048087514005601406
Baseline (Median),baseline_median,default,60706.97126816556,4018.123538984205,-0.09838790141545761,60326.15623292724,7229.39298473074,24065.385033241742,-0.10226388746166148,,,75039.99711736482,25483.680731364275,-0.07318465326918355,0.6590327190925821,56432.12814100853,7052.131281592726,23028.815752461323,1941.077105091804,-0.1014421465487354,0.0158071602544177,-0.15684012433373096,0.6549834295281839,-380.81503523831634,0.0011155838146805763
