model,key,band,n,rent_min,rent_max,RMSE,MAE,MAPE
Baseline (Mean),baseline_mean,high,241,25000.0,700000.0,86927.99834998325,42414.10635331957,0.3750456671483738
Baseline (Mean),baseline_mean,low,222,3000.0,11500.0,26328.652756621403,26249.201912748857,3.6875786594999114
Baseline (Mean),baseline_mean,medium,248,12000.0,24500.0,18125.632573450424,17792.68705514932,1.1759537335292043
Baseline (Median),baseline_median,high,241,25000.0,700000.0,96533.64557884852,57581.00829875519,0.6547898556487682
Baseline (Median),baseline_median,low,222,3000.0,11500.0,8334.666560017064,8080.18018018018,1.1950074877475958
Baseline (Median),baseline_median,medium,248,12000.0,24500.0,3478.573175121866,2833.326612903226,0.1717629068678197
CatBoost,catboost_model,high,241,25000.0,700000.0,39265.787243849925,21492.12646040348,0.2764478150183307
CatBoost,catboost_model,low,222,3000.0,11500.0,4449.78862294478,2717.0125791088453,0.3781590231412728
CatBoost,catboost_model,medium,248,12000.0,24500.0,6359.310016957924,3992.5947407464687,0.2428390104929993
Decision Tree,decision_tree,high,241,25000.0,700000.0,39964.09748806715,23887.395206477155,0.3326524630977644
Decision Tree,decision_tree,low,222,3000.0,11500.0,4752.752592131133,2967.17663009788,0.409487300039268
Decision Tree,decision_tree,medium,248,12000.0,24500.0,8558.025694656306,4670.607279589832,0.2803187094360636
Elastic Net,elastic_net,high,241,25000.0,700000.0,48659.12413103794,24065.08479087432,0.2940903509926965
Elastic Net,elastic_net,low,222,3000.0,11500.0,4426.62820670852,2907.587230269436,0.4001860669338299
Elastic Net,elastic_net,medium,248,12000.0,24500.0,6743.470120932457,4288.722833735983,0.2599370687546871
Gradient Boosting,gradient_boosting,high,241,25000.0,700000.0,41271.945331792485,22289.324384054176,0.2824854184836539
Gradient Boosting,gradient_boosting,low,222,3000.0,11500.0,4298.209208674269,2680.198701578573,0.3690979090692253
Gradient Boosting,gradient_boosting,medium,248,12000.0,24500.0,5764.784231764577,3806.726678547783,0.2326109260455724
Lasso Regression,lasso_regression,high,241,25000.0,700000.0,48659.12413103794,24065.08479087432,0.2940903509926965
Lasso Regression,lasso_regression,low,222,3000.0,11500.0,4426.62820670852,2907.587230269436,0.4001860669338299
Lasso Regression,lasso_regression,medium,248,12000.0,24500.0,6743.470120932457,4288.722833735983,0.2599370687546871
LightGBM,lightgbm_model,high,241,25000.0,700000.0,39992.94582155109,22263.5721831383,0.2812816292500646
LightGBM,lightgbm_model,low,222,3000.0,11500.0,4498.246109101275,2717.485500394629,0.3734642055594246
LightGBM,lightgbm_model,medium,248,12000.0,24500.0,6438.352709131814,3957.2540211438472,0.2413370289971462
Linear Regression,linear_regression,high,241,25000.0,700000.0,48266.83765703179,24409.298634632032,0.2948500741487995
Linear Regression,linear_regression,low,222,3000.0,11500.0,4443.811327782276,2916.634823102501,0.4004041657954148
Linear Regression,linear_regression,medium,248,12000.0,24500.0,6701.467260982639,4261.590648554388,0.2581349565290672
Random Forest,random_forest,high,241,25000.0,700000.0,37258.16779457837,20621.30735683374,0.273931036240404
Random Forest,random_forest,low,222,3000.0,11500.0,5026.885404792552,2778.373117772363,0.3808060479111441
Random Forest,random_forest,medium,248,12000.0,24500.0,5610.110046569148,3775.530241944975,0.2332505876755834
Ridge Regression,ridge_regression,high,241,25000.0,700000.0,48359.13464394963,24119.20627982524,0.2930691039161956
Ridge Regression,ridge_regression,low,222,3000.0,11500.0,4442.740380629222,2909.275865352745,0.3993938740499158
Ridge Regression,ridge_regression,medium,248,12000.0,24500.0,6786.6723228691335,4301.6758349862175,0.2606766094456574
XGBoost,xgboost_model,high,241,25000.0,700000.0,38382.598007911256,21752.66281849715,0.2813748744789991
XGBoost,xgboost_model,low,222,3000.0,11500.0,4213.308431683938,2657.114282006616,0.3687234633845395
XGBoost,xgboost_model,medium,248,12000.0,24500.0,5854.220205405311,3860.4960445281,0.235937551941651
