split,model,key,rmse,ci_low_2.5%,ci_high_97.5%
val,Gradient Boosting,gradient_boosting,44562.51724018501,23032.57621080608,64170.201040654894
val,XGBoost,xgboost_model,44844.434794991386,22985.43381977398,64942.622435188685
val,Random Forest,random_forest,44885.34020700554,22523.911189151582,65131.374765810055
val,CatBoost,catboost_model,45749.16688950459,22185.23546497432,66825.73819059135
val,LightGBM,lightgbm_model,46065.22181207247,22822.30765355377,67342.94170665383
val,Decision Tree,decision_tree,49089.96162501153,29463.78960073418,67996.90201171
val,Linear Regression,linear_regression,51834.12327999972,27577.960122802397,74916.06104345719
val,Ridge Regression,ridge_regression,52759.74345052972,27448.53298267325,76829.97620748298
val,Elastic Net,elastic_net,52930.01717642477,27270.26197454171,77136.5746621427
val,Lasso Regression,lasso_regression,52930.01717642477,27270.26197454171,77136.5746621427
test,Random Forest,random_forest,22122.42055733946,16219.58429683218,28111.4002601138
test,XGBoost,xgboost_model,22734.55058872332,17502.400210475185,28001.86200021711
test,CatBoost,catboost_model,23300.137786400857,17549.46041668619,29022.99200111897
test,LightGBM,lightgbm_model,23725.93741347962,18021.026605250736,29622.56345675174
test,Decision Tree,decision_tree,23957.48295186404,18763.599576960343,29236.094815207543
test,Gradient Boosting,gradient_boosting,24387.17490504281,17917.429384457155,31152.31816875516
test,Linear Regression,linear_regression,28486.832851843737,19531.58450231697,38139.26378631417
test,Ridge Regression,ridge_regression,28546.81200908865,19287.831272305182,38743.48280769862
test,Elastic Net,elastic_net,28714.755657958245,19138.892774912467,39280.66371679988
test,Lasso Regression,lasso_regression,28714.755657958245,19138.892774912467,39280.66371679988
