bin_start,bin_end,count,open_ended
-50000,-47500,17,True
-47500,-45000,2,False
-45000,-42500,1,False
-42500,-40000,0,False
-40000,-37500,3,False
-37500,-35000,8,False
-35000,-32500,3,False
-32500,-30000,1,False
-30000,-27500,7,False
-27500,-25000,5,False
-25000,-22500,6,False
-22500,-20000,5,False
-20000,-17500,14,False
-17500,-15000,17,False
-15000,-12500,22,False
-12500,-10000,34,False
-10000,-7500,60,False
-7500,-5000,99,False
-5000,-2500,263,False
-2500,0,439,False
0,2500,412,False
2500,5000,223,False
5000,7500,117,False
7500,10000,68,False
10000,12500,54,False
12500,15000,43,False
15000,17500,27,False
17500,20000,25,False
20000,22500,22,False
22500,25000,6,False
25000,27500,15,False
27500,30000,14,False
30000,32500,9,False
32500,35000,7,False
35000,37500,5,False
37500,40000,5,False
40000,42500,1,False
42500,45000,2,False
45000,47500,5,False
47500,50000,64,True
