key,variant,cv_rmse,fresh_cv_rmse,val_rmse,val_mae,test_rmse,test_mae,train_rmse,mean_rank,mean_rank_excl_test,selected,param_source
linear_regression,default,30056.25051643857,,51834.12327999972,13595.823890588075,28486.83285184374,10670.897865705434,30040.92189725908,1.0,1.0,True,library defaults
ridge_regression,default,29992.01412931027,,51940.82803466613,13588.79410957886,28480.51952808481,10659.47645833894,30035.275076077043,1.6,1.6666666666666667,False,library defaults
ridge_regression,tuned,29786.502202719697,,52759.74345053239,13533.0924399954,28546.81200908966,10584.25254939917,30141.667715286585,1.4,1.3333333333333333,True,"GridSearchCV / RandomizedSearchCV, 5-fold CV on train"
lasso_regression,default,59320.79002358737,,74205.06617897956,25797.974616098705,55472.674552671415,23372.59097594708,59755.231133038295,2.0,2.0,False,library defaults
lasso_regression,tuned,29644.27140522883,,52930.01717642478,13540.69353269932,28714.75565795824,10560.862253849577,30328.52939069748,1.0,1.0,True,"GridSearchCV / RandomizedSearchCV, 5-fold CV on train"
elastic_net,default,57447.95668980725,,72717.35962776662,24223.26097548589,53760.15254487956,21866.49088480166,57914.09849120666,2.0,2.0,False,library defaults
elastic_net,tuned,29644.27140522883,,52930.01717642478,13540.69353269932,28714.75565795824,10560.862253849577,30328.52939069748,1.0,1.0,True,"GridSearchCV / RandomizedSearchCV, 5-fold CV on train"
decision_tree,default,37107.5196949744,,54000.79015932481,15801.902510256848,32250.998771078008,13366.303233846713,367.461623285497,2.0,2.0,False,library defaults
decision_tree,tuned,29802.27872554291,,49089.96162501152,14437.96432665329,23957.48295186404,10652.441718679327,25692.570331233997,1.0,1.0,True,"GridSearchCV / RandomizedSearchCV, 5-fold CV on train"
random_forest,default,28924.238588925436,29019.033430470507,45295.88964493132,11619.471714755147,21639.065743749296,9125.799250890312,13468.94542295735,2.3333333333333335,3.0,False,library defaults
random_forest,tuned,28120.932251037088,28547.233171041837,44658.82568263367,11609.923577919804,21809.643039975974,9146.629553293556,20586.553203330808,1.8333333333333333,1.75,False,"GridSearchCV / RandomizedSearchCV, 5-fold CV on train"
random_forest,deep,27973.009030296096,28318.73830354728,44885.34020700551,11588.748062057315,22122.42055733948,9174.21294675774,21915.91623738145,1.8333333333333333,1.25,True,"Optuna TPE, repeated CV on train + fresh-fold confirmation"
gradient_boosting,default,28000.188391878124,,45881.91166309735,11895.77986853358,22638.878171235065,9442.8486655071,21265.257984693344,1.6,2.0,False,library defaults
gradient_boosting,tuned,26254.25491129621,,44562.51724018501,11767.588568953528,24387.17490504281,9719.83052684578,21276.83164914698,1.4,1.0,True,"GridSearchCV / RandomizedSearchCV, 5-fold CV on train"
xgboost_model,default,28418.802341698327,29557.892511221715,45216.99503505292,12164.798828125,21313.160629057344,9670.041015625,6785.343027437891,2.3333333333333335,2.75,False,library defaults
xgboost_model,tuned,26784.142317641566,27579.771803517626,44844.43653342073,11821.8818359375,22734.55097423303,9549.470703125,20274.42684763246,1.5,1.5,True,"GridSearchCV / RandomizedSearchCV, 5-fold CV on train"
xgboost_model,deep,26117.94716056941,26868.08171580972,47068.41590706023,11972.5361328125,24884.278731761544,9922.7001953125,24046.613399811624,2.1666666666666665,1.75,False,"Optuna TPE, repeated CV on train + fresh-fold confirmation"
lightgbm_model,default,28167.664912996068,,46327.571079582325,12009.523987472912,24082.155235262173,9792.61198347752,19216.158953485847,2.0,2.0,False,library defaults
lightgbm_model,tuned,26541.40090379712,,46065.22181207247,11839.610846111673,23725.93741347962,9775.24848729622,21340.29360490918,1.0,1.0,True,"GridSearchCV / RandomizedSearchCV, 5-fold CV on train"
catboost_model,default,27786.864787015325,,45388.20304538398,11737.9777921551,23759.502648722177,9787.416772006389,12243.319348114774,1.8,1.6666666666666667,False,library defaults
catboost_model,tuned,26984.936206109305,,45749.16688950459,11687.21119515565,23300.137786400857,9525.939191595677,16433.118210016735,1.2,1.3333333333333333,True,"GridSearchCV / RandomizedSearchCV, 5-fold CV on train"
baseline_mean,default,57519.71191240191,,72450.23970797504,31434.888977191247,53780.802711797776,28778.77474747861,57924.28687377451,1.0,1.0,True,library defaults
baseline_median,default,60326.15623292724,,75039.99711736482,25483.680731364275,56432.12814100853,23028.815752461323,60706.97126816556,1.0,1.0,True,library defaults
