Model,Train RMSE,CV RMSE,Val RMSE,Test RMSE,Test R²,Test MAE
Baseline (Mean),58725.40 ± 3475.23,57777.26 ± 3623.48,64671.30 ± 13191.56,53731.47 ± 2975.65,0.00 ± 0.00,29309.15 ± 166.32
Baseline (Median),61416.52 ± 3435.08,60573.36 ± 3662.61,67340.01 ± 13089.97,56582.69 ± 2929.16,-0.11 ± 0.01,23617.00 ± 329.82
Linear Regression,32925.26 ± 1629.95,32994.71 ± 1724.47,33679.02 ± 8645.26,25921.54 ± 939.74,0.77 ± 0.01,10450.57 ± 330.35
Ridge Regression,33424.34 ± 2114.10,32945.10 ± 2170.33,34922.69 ± 10225.63,25627.73 ± 320.47,0.77 ± 0.02,10461.25 ± 255.37
Lasso Regression,33473.80 ± 2079.99,32811.02 ± 2048.47,34842.27 ± 9948.57,25596.64 ± 367.16,0.77 ± 0.02,10488.44 ± 228.49
Elastic Net,33500.25 ± 2086.30,32824.69 ± 2055.14,34866.14 ± 9976.53,25601.60 ± 342.47,0.77 ± 0.02,10486.00 ± 239.36
Decision Tree,27139.65 ± 848.46,31484.96 ± 1251.58,32647.94 ± 10223.88,25682.79 ± 1445.58,0.77 ± 0.02,10893.80 ± 528.97
Random Forest,13996.02 ± 1156.14,30482.34 ± 2298.86,31246.54 ± 10413.18,23268.79 ± 1656.79,0.81 ± 0.02,9751.47 ± 547.31
Gradient Boosting,26667.16 ± 1919.31,29049.61 ± 2435.94,30882.93 ± 9260.63,22281.94 ± 717.44,0.83 ± 0.01,9172.06 ± 436.34
XGBoost,20535.75 ± 679.02,29051.19 ± 1856.55,30030.42 ± 9696.20,22313.70 ± 1046.28,0.83 ± 0.02,9208.97 ± 364.58
LightGBM,20546.49 ± 1669.51,29009.18 ± 2144.68,31321.73 ± 9705.01,22403.98 ± 1102.97,0.83 ± 0.02,9368.21 ± 401.14
CatBoost,12563.17 ± 372.17,29939.13 ± 2389.47,32645.12 ± 10062.44,22537.95 ± 1237.75,0.82 ± 0.02,9255.54 ± 232.18
