,Train RMSE,Val RMSE,Test RMSE,Gen. gap (Test−Train),Val−Test Δ,CV RMSE,Rep-CV RMSE (5×3),Train MAE,Val MAE,Test MAE,Val R²,Test R²,Test RMSLE,Train time (s)
Random Forest (default),13425.307055468595,45407.03962280564,21790.641824026978,8365.334768558383,23616.397798778664,28905.65983927548,29367.831170384274,4006.404141383272,11707.749282646311,9079.83823002272,0.6070518821498123,0.8357713669327967,0.37835008333394393,0.27471229201182723
Random Forest (tuned),21989.603557731625,44780.4646949291,22563.997434749523,574.3938770178975,22216.467260179576,28094.923741880448,28426.83189304279,6910.584626851809,11543.112746060966,9110.697387276552,0.6178216965296188,0.8239074765361039,0.37212397226354416,0.386925291037187
Gradient Boosting (default),21265.257984693344,45881.91166309735,22638.887431801162,1373.6294471078181,23243.02423129619,28001.694569665422,28148.70119717387,8087.490477812524,11895.77986853358,9442.938549050908,0.5987899113838069,0.8227366331695922,0.3739361865706503,0.4777088339906186
Gradient Boosting (tuned),21646.883530240426,44656.8347058274,24587.691741795268,2940.8082115548423,20069.142964032133,26241.887613675197,27086.496238358806,7461.363152277625,11693.262122539585,9667.695652239914,0.6199290206793908,0.7909046604422693,0.3717910079587676,2.590631957864389
Decision Tree,367.461623285497,55574.55185351398,27525.13843912519,27157.67681583969,28049.41341438879,38068.37339022994,38915.246241593995,17.054029580455047,16254.22037242281,12265.48607491563,0.4113721926330577,0.7379598389740538,0.492971139201084,0.025383041938766837
Ridge (α=1),30035.275076077043,51940.828034666134,28480.51952808481,-1554.755547992234,23460.308506581325,29992.01412931027,29952.213136369057,10501.157135310177,13588.79410957886,10659.476458338939,0.4858301890453892,0.7194536335768505,0.39072225916347336,0.010582749964669347
Linear Regression,30040.92189725908,51834.12327999972,28486.83285184374,-1554.0890454153378,23347.290428155982,30056.250516438566,29998.65266925456,10502.981856925866,13595.823890588077,10670.897865705434,0.48794059083317254,0.7193292414393353,0.3907808543435954,0.01781541691161692
Ridge (tuned),30141.667715286203,52759.74345052972,28546.812009088655,-1594.855706197548,24212.931441441066,29786.502202719043,29823.349486596602,10499.65825816384,13533.092439995322,10584.25254939912,0.46948925282064713,0.7181460900445877,0.39140133775453156,0.0037269170861691236
Lasso (tuned),30308.9992498863,52887.92923347425,28689.082983846685,-1619.9162660396141,24198.846249627564,29650.989211256478,29711.097382353393,10564.133269312013,13544.53742239312,10565.025807118482,0.4669082490979857,0.7153296946919396,0.3931245396570466,0.003995334031060338
ElasticNet (tuned),30327.822935676682,52928.54205986527,28713.69644843398,-1614.1264872427018,24214.84561143129,29644.818422766963,29716.676480937767,10562.411195601091,13540.85763472227,10561.020333726688,0.46608920869543924,0.7148410260125908,0.3930689645126202,0.003861374920234084
ElasticNet (α=1),57914.09849120666,72717.35962776662,53760.15254487956,-4153.945946327105,18957.207082887064,57447.95668980725,57283.638690422886,22742.90422448304,24223.26097548589,21866.49088480166,-0.0077783835115954325,0.0003917807365559911,0.8269196887449483,0.0034309581387788057
Lasso (α=1),59755.231133038295,74205.06617897956,55472.674552671415,-4282.55658036688,18732.39162630814,59320.79002358737,59137.33356288075,24369.52821551602,25797.974616098705,23372.59097594708,-0.049435979329065516,-0.06430730877501811,0.9223956031126714,0.0037495410069823265
