,Group,MAE,MSE,RMSE,R²,CV RMSE
Random Forest (default),P6 baseline,9079.83823002272,474832071.10303384,21790.641824026978,0.8357713669327967,28905.65983927548
Random Forest (tuned),P8 tuned,9110.697387276552,509133980.235383,22563.997434749523,0.8239074765361039,28094.923741880448
Gradient Boosting (default),P6 baseline,9442.938549050908,512519224.14976466,22638.887431801162,0.8227366331695922,28001.694569665422
Gradient Boosting (tuned),P8 tuned,9667.695652239914,604554585.1895472,24587.691741795268,0.7909046604422693,26241.887613675197
Decision Tree,P6 baseline,12265.48607491563,757633246.0930071,27525.13843912519,0.7379598389740538,38068.37339022994
Ridge (α=1),P6 baseline,10659.476458338939,811139992.5896202,28480.51952808481,0.7194536335768505,29992.01412931027
Linear Regression,P6 baseline,10670.897865705434,811499645.9288838,28486.83285184374,0.7193292414393353,30056.250516438566
Ridge (tuned),P7 tuned,10584.25254939912,814920475.8822482,28546.812009088655,0.7181460900445877,29786.502202719043
Lasso (tuned),P7 tuned,10565.025807118482,823063482.4540415,28689.082983846685,0.7153296946919396,29650.989211256478
ElasticNet (tuned),P7 tuned,10561.020333726688,824476363.7328103,28713.69644843398,0.7148410260125908,29644.818422766963
ElasticNet (α=1),P6 baseline,21866.49088480166,2890154001.64872,53760.15254487956,0.0003917807365559911,57447.95668980725
Lasso (α=1),P6 baseline,23372.59097594708,3077217622.0265985,55472.674552671415,-0.06430730877501811,59320.79002358737
