,MAE,MAE,MAE,RMSE,RMSE,RMSE,MAPE,MAPE,MAPE
Rent,low,medium,high,low,medium,high,low,medium,high
Random Forest (default),3047.3136908448096,4212.103681117265,20978.40337670079,5785.489650500447,6080.672883377162,37825.08863078155,0.3857691256686268,0.23771814367492575,0.26160787405302466
Random Forest (tuned),2852.7480539784115,4122.434598587012,21389.780752802362,4998.3069684649045,6123.461145099089,39352.9868690442,0.3700983463344255,0.23299371202794292,0.26490882981161057
Gradient Boosting (default),2722.6608474579157,4236.607563045839,22472.008679534007,4078.1407228097137,6379.0397445012395,39566.37190994297,0.360735949084211,0.23777956473250125,0.27689329362850595
Gradient Boosting (tuned),2688.1214597490707,4242.762018827444,23217.99360276983,4233.987842138079,6298.364274732272,43095.628144355585,0.35318182973429585,0.23909034307932664,0.2773840891384964
Decision Tree,4440.126482213438,6614.02392848297,27007.709821428572,12798.119625664942,15277.91857370337,44451.96211496782,0.5416175382449286,0.376138918878648,0.3673630886426385
Ridge (α=1),2950.664562064178,4714.329241316552,25576.85975539587,4445.639787534844,7267.846691032869,49971.42317110523,0.3838426684651229,0.2631284659443426,0.29110285729689034
Linear Regression,2952.9460338871236,4711.389192599527,25613.60698604836,4446.53777641189,7262.075724725559,49983.63020221573,0.38414990564020823,0.262927299750759,0.29129976619196946
Ridge (tuned),2951.277405483614,4740.268648022852,25310.301408027106,4450.21573435727,7327.553007934442,50081.79783800191,0.38366245782214126,0.26485250117177367,0.28973574161701215
Lasso (tuned),2948.271506464767,4730.306007818225,25263.07612453656,4436.666761818849,7289.966917955274,50346.23312207844,0.3840847007822789,0.2644725822091468,0.2911106936438414
ElasticNet (tuned),2947.8818641157022,4720.890687357023,25260.638057218126,4433.662833038753,7272.57236743655,50393.67558453529,0.38419227366589637,0.26394046417681905,0.2911711089938879
ElasticNet (α=1),9397.994891920787,3430.9705472160563,55207.74644370296,9650.024478515723,4002.587449271696,95140.65099973373,1.3032085448873516,0.21308154128243886,0.5716623630992909
Lasso (α=1),11070.545117198608,3738.76176482893,57777.651858380166,11314.25600287238,4209.992609608247,98001.62102410036,1.5452233106394084,0.2345813782387555,0.6067371128691005
