,,search_rank,cv5_rmse,rep_cv_rmse,rep_cv_rmse_sd,rep_cv_mae,rep_cv_r2,rep_cv_rmsle,params
random_forest,0,2,28094.923741880444,28426.831893042785,6673.20536673194,9895.301543224496,0.751781922514115,0.3565559051827691,"{'n_estimators': 300, 'min_samples_split': 10, 'min_samples_leaf': 1, 'max_samples': 0.7, 'max_features': 1.0, 'max_depth': None}"
random_forest,1,3,28102.93117683992,28487.777993757045,6667.170169651907,9908.487638590506,0.751064953910791,0.3563883857814431,"{'n_estimators': 300, 'min_samples_split': 10, 'min_samples_leaf': 3, 'max_samples': 0.7, 'max_features': 1.0, 'max_depth': None}"
random_forest,2,5,28155.549913754105,28566.216090279384,6840.364705441954,9913.350476808306,0.7500243138978416,0.35671138235723443,"{'n_estimators': 200, 'min_samples_split': 10, 'min_samples_leaf': 3, 'max_samples': None, 'max_features': 0.5, 'max_depth': 12}"
random_forest,3,1,28077.4279315227,28597.80292016207,6696.996945549803,9922.447772484953,0.7483579918386364,0.356860025143366,"{'n_estimators': 500, 'min_samples_split': 10, 'min_samples_leaf': 3, 'max_samples': None, 'max_features': 0.7, 'max_depth': 24}"
random_forest,4,4,28118.46731484784,28620.80193330481,6738.149133930855,9920.493212474075,0.7478773497112915,0.3568119408824646,"{'n_estimators': 300, 'min_samples_split': 10, 'min_samples_leaf': 2, 'max_samples': None, 'max_features': 0.7, 'max_depth': 16}"
gradient_boosting,0,1,26241.887613675197,27086.496238358806,6920.715269280843,9592.577413918549,0.7753368952483286,0.3480700706879659,"{'learning_rate': np.float64(0.03262161345833058), 'loss': 'huber', 'max_depth': 3, 'max_features': 0.5, 'min_samples_leaf': 8, 'n_estimators': 835, 'subsample': np.float64(0.6388705975083074)}"
gradient_boosting,1,3,26556.43310142577,27307.627130390203,6848.304074659467,9862.765447547437,0.7708197978824707,0.3529693417848,"{'learning_rate': np.float64(0.021535381457547638), 'loss': 'squared_error', 'max_depth': 2, 'max_features': 0.5, 'min_samples_leaf': 15, 'n_estimators': 1041, 'subsample': np.float64(0.6431565707973218)}"
gradient_boosting,2,2,26349.5196065069,27360.22189020534,7134.025636216195,9856.411649568294,0.7695899517040978,0.353657663949985,"{'learning_rate': np.float64(0.02259707459386439), 'loss': 'squared_error', 'max_depth': 2, 'max_features': 'sqrt', 'min_samples_leaf': 13, 'n_estimators': 1432, 'subsample': np.float64(0.6027808522124762)}"
gradient_boosting,3,4,26604.786802906485,27503.790380541526,6844.632146410761,9800.67327398353,0.7685156882195604,0.35259113809004006,"{'learning_rate': np.float64(0.06311649150591446), 'loss': 'huber', 'max_depth': 3, 'max_features': 0.5, 'min_samples_leaf': 10, 'n_estimators': 934, 'subsample': np.float64(0.9394679179698697)}"
gradient_boosting,4,5,26628.513780677273,27603.11489941022,6958.785905302797,9769.359283203014,0.7667198208038868,0.3496555944395419,"{'learning_rate': np.float64(0.048164145309070844), 'loss': 'huber', 'max_depth': 2, 'max_features': None, 'min_samples_leaf': 10, 'n_estimators': 849, 'subsample': np.float64(0.7465447373174767)}"
