n_estimators,max_depth,min_samples_leaf,min_samples_split,max_features,max_samples,cv_rmse,train_rmse,cv_mae,train_mae,cv_rmsle,train_rmsle,cv_rmse_sd,cv_r2,fit_time_s
500,24,3,10,0.7,,28077.4279315227,22374.887598217007,9795.472145109281,6914.702860630954,0.354105821787963,0.24616769725199744,6209.003417394814,0.7605042492341351,4.078192186355591
300,,1,10,1.0,0.7,28094.923741880444,22115.425292438693,9809.46430875886,6966.283561220854,0.35491174646992757,0.24168864370948953,6252.261416735479,0.7603420266475386,3.7800994396209715
300,,3,10,1.0,0.7,28102.93117683992,23508.44519172595,9805.402483839487,7376.730230248075,0.3542865032418576,0.2625046306619371,6207.656317104353,0.7608640101565105,2.750087785720825
300,16,2,10,0.7,,28118.46731484784,21676.462135629074,9784.861298211155,6697.0711010842115,0.35378214843766054,0.2388494559977135,6143.406378138945,0.7595373332167907,2.4973499298095705
200,12,3,10,0.5,,28155.549913754105,23044.24005826914,9839.585673338272,7248.105814364909,0.35470153930686255,0.26589773168567676,6395.442973166127,0.7610994081138052,1.2981638431549072
300,16,2,10,0.7,0.85,28178.500108361004,22443.9253173862,9776.14787550952,6968.112420977991,0.3527178588989951,0.24854963271846736,6240.063167086085,0.7593794488978749,2.5579336166381834
500,8,3,10,1.0,0.7,28190.05776884344,23775.620451170143,9913.699307321902,8036.440926659484,0.36106410294429025,0.3072802842422782,6203.831010776009,0.7591798230526825,3.396420621871948
500,16,3,5,0.7,0.7,28196.48896207314,22562.11546459762,9778.870524664879,6959.764977963571,0.3531691550556785,0.25013960809016356,6528.236515078984,0.7595530001730468,3.480023956298828
300,,1,5,0.7,0.7,28205.62253669788,19765.99933900808,9801.741686804418,5977.5177430774875,0.3544984175571025,0.20714403669012368,6512.34617747607,0.7580666769238045,2.40647668838501
200,,1,10,1.0,0.7,28206.626603291963,22197.084142247855,9829.262679279194,6974.645032882225,0.3549423440048118,0.24187975586218427,6267.843350952755,0.7586409244224533,2.3733892917633055
200,16,3,2,0.5,0.7,28208.996816104445,23141.7087021038,9805.417100473158,7113.007325466133,0.3536063269679364,0.25537755447945887,6732.257606283641,0.7603253658702933,1.105866003036499
500,,3,5,0.7,0.7,28214.011208202362,22578.751994802686,9790.07354660988,6928.797057807099,0.35342580804583923,0.2480933033388486,6588.046287649939,0.7590572580679323,3.610740327835083
300,8,2,10,1.0,0.7,28215.93820679792,23274.510033216746,9914.603160592658,7935.382614705301,0.361313758468707,0.3047775043501223,6245.67530109441,0.7585231115076021,2.0610775470733644
200,12,1,10,0.7,,28225.898430091784,20696.996843566878,9860.619618136621,6718.803812789434,0.3557067628485437,0.24571759917091335,6192.521478417647,0.7575567921020356,1.556607961654663
300,,5,2,0.5,,28278.440218311713,24305.416166853745,9907.316413145647,7595.5425457672345,0.35608497603618366,0.27036799389479405,6375.212048127698,0.7595088909863995,1.85641450881958
300,8,5,2,0.7,,28280.857691284928,24040.5369297458,9981.61805481697,8082.146011797333,0.362187443640575,0.30765057990743394,6105.53231870849,0.7584915223621451,1.7955736637115478
500,16,5,5,0.7,0.85,28293.60315328659,24363.04098688333,9886.626503056588,7679.096119135946,0.35539531339118735,0.27389616700291985,6344.848982061106,0.7588861266915338,3.587596607208252
500,16,5,10,0.7,0.7,28350.728082095786,25196.008887262822,9907.851068123859,7964.646903121147,0.3557231476135338,0.2831952843550628,6361.275529615641,0.7583877628994801,3.4477141857147218
300,24,1,5,0.33,0.7,28363.602627944783,20607.60210187453,9802.502613829134,6225.551934637602,0.3529547024796462,0.2168165736435133,6688.650393216125,0.7582178966462383,1.4548564434051514
500,24,1,10,0.5,0.85,28365.992152959116,21744.910682082897,9856.015011050175,6789.484905740183,0.35466563557471087,0.2357366831172752,6297.424997646822,0.7564363516217594,3.451779079437256
500,24,2,5,1.0,,28373.249242514827,18134.937933571306,9830.790904180254,5309.426724061508,0.35524648503564005,0.19007081121320007,6295.162905124066,0.7536464292206693,6.794426202774048
200,,1,2,0.33,0.85,28399.015927939927,16066.441133633383,9834.782255352195,4606.319192264376,0.3567046699595523,0.1541108632648597,6459.944900821914,0.7572072721245144,1.3782021522521972
300,8,1,10,0.5,,28436.85789574011,21754.682947582518,9987.577189305304,7709.0279191706095,0.36309419746187455,0.29831965564619417,6271.917047504783,0.7551837366518885,1.5076715469360351
300,12,5,10,0.5,0.85,28470.182233939726,24980.952401608003,9917.9228544411,7905.70589567911,0.35552447715569574,0.2853790821583157,6391.334576595912,0.7566335095702545,1.629024600982666
200,16,2,5,0.33,,28483.677171975956,20376.058880487697,9827.742044440532,6019.472518801716,0.35391354317074236,0.2181865425833495,6655.8142705715,0.7559220848901488,1.0990491390228272
200,24,2,5,0.5,0.85,28492.401589986006,20349.882207529172,9828.74006630474,6020.684761453493,0.354499983014244,0.21464270766623578,6620.766747540911,0.7541404784590742,1.3539309978485108
200,,5,2,0.5,0.85,28496.213435452875,24985.790926075413,9950.746790346126,7815.977657686718,0.35663623498081665,0.2781871975322744,6467.839480243771,0.756420584748204,1.117577886581421
300,8,8,5,1.0,0.85,28503.584333157964,26526.8306316567,10093.68646912097,8764.366444683292,0.3646354620601965,0.3216810195917345,6165.268745274844,0.7562747554915441,2.212539625167847
300,,1,5,0.7,,28505.902974190605,16923.213640474736,9838.444568676392,4977.755717314682,0.35624948728784067,0.17181781925952125,6123.29390249142,0.751800935382489,3.3462568283081056
200,12,2,2,0.5,0.7,28513.501979859975,21081.45000984463,9809.92069083392,6581.910791364104,0.35303412215556074,0.2470153593837973,6679.90073451944,0.7543727649036783,1.074668788909912
500,,1,5,0.33,,28523.65528504597,17828.08446776531,9812.801049356838,5290.286932615978,0.35440127153528656,0.1834366842038477,6616.162949911385,0.7546823301608752,2.857926607131958
300,16,2,5,0.33,0.7,28566.010747815668,22495.718164039805,9820.470910533813,6778.667473987235,0.3535652103796462,0.24285853650032224,6860.827649161093,0.7551520424338893,1.3245071411132812
200,16,1,5,0.7,,28585.745337097753,17113.74533152097,9868.543017697317,5155.018626508403,0.3564067991535769,0.18468915058963273,6177.576879310098,0.7499153664353407,2.165460777282715
200,,2,2,0.7,,28594.39244692403,17924.01007223903,9849.198264191731,5207.0661021405,0.3548621438223884,0.18636608609046712,6296.657163608133,0.750781690937694,1.9704824924468993
500,24,1,2,0.7,0.85,28636.328209694486,15404.668649432098,9864.399635116866,4583.635477563281,0.3559532365487595,0.15411648722715682,6120.413499601616,0.7505699482631518,5.321684741973877
300,,1,10,0.33,0.7,28649.50049025032,23730.53129431562,9884.061718929204,7383.247890973338,0.35443496359766125,0.25640613747537866,6609.660719328634,0.7536952896314345,1.2108952045440673
500,24,2,2,0.33,0.85,28652.10299290743,20665.779041266807,9835.933097432082,6073.682074392906,0.353433716532257,0.21585780201213134,6754.616631331943,0.7532308925089378,2.561319589614868
500,,2,2,0.33,0.85,28671.29175922607,20653.494734734566,9834.668203556474,6074.637222843189,0.353588414610192,0.21583296554087866,6705.427077769889,0.7528696102590139,2.77180814743042
500,8,5,10,0.5,0.7,28694.248708224615,25876.006182943154,10029.507928106605,8529.313521428816,0.36243005546004786,0.31739944672337983,6536.591117536388,0.753051392072091,2.0576077461242677
500,8,3,5,0.33,,28723.73223740262,23282.970677509395,9997.62947281433,7874.096492570212,0.362825274029637,0.30531514099457707,6890.215228422075,0.752446046140172,1.8151177883148193
300,24,2,10,0.33,0.85,28783.2369416015,23844.78877942376,9888.672836245543,7297.80804408324,0.35460163092388974,0.25813655599387414,6760.618703658785,0.7515065205989397,1.3636111736297607
200,8,8,2,1.0,0.7,28788.288875923776,27093.622816678417,10142.833106861046,8931.257593337601,0.36493657628417464,0.3256551848278597,6188.436139364198,0.7515058793905276,1.3280054092407227
500,8,2,2,0.33,0.85,28843.401042814163,21989.688630320605,10017.582565387565,7661.9675220020845,0.3628368226400153,0.3006645380042096,6737.465596525067,0.749963420068756,2.1123162746429442
500,8,1,2,0.7,,28904.278218866104,16531.805490608465,10037.586962495607,6748.804277474934,0.3637897039601669,0.2823898466685302,6105.949643699345,0.7451581679263951,3.343107318878174
300,16,1,2,sqrt,0.85,29587.14164455661,16963.123516701155,9949.128084320904,5036.075138094862,0.35593566419162803,0.1797143673383445,7131.845348201234,0.7377381128696583,1.1065569877624513
300,16,2,2,sqrt,,29999.084604597698,22646.05860748978,10034.267332161337,6731.549649107098,0.3571892522030482,0.2398813629780215,7192.1118372804785,0.7305798319630096,1.5959131240844726
200,,2,5,sqrt,0.85,30080.865990465303,24272.64422664525,10028.89385421644,7188.234129208766,0.35788512334015155,0.25170063320088926,7247.848950755683,0.7292246017983606,0.6257524490356445
500,16,1,10,sqrt,,30122.939300700255,24443.67693566571,10064.073961127833,7465.637402922128,0.3574007859774072,0.2594032047170513,7101.081324720246,0.7284826424328206,1.8922507286071777
500,,2,5,sqrt,0.7,30336.498824883347,25210.15531483661,10091.612035170407,7562.795380345588,0.35839362218659404,0.2638171908604394,7195.815450916698,0.7244279376464424,1.373316192626953
300,16,1,10,sqrt,0.85,30344.546003778192,25411.4383463744,10116.372094791452,7748.075818049695,0.35843602252341966,0.26811557340485087,7133.1534628465615,0.7244352222609945,0.8449600219726563
500,24,8,10,0.33,0.7,30417.49248714807,29060.021723101956,10311.199413293405,9198.794653265326,0.36439989036094705,0.32208314491268936,6718.881523297513,0.7234264073391641,1.768339252471924
300,,2,5,sqrt,0.7,30454.235579657987,25280.17262774288,10111.86805632635,7575.198309456873,0.35872483548412604,0.263968710280618,7170.4683530366165,0.7223841437334274,0.8410300731658935
300,8,2,5,sqrt,,30466.3726063929,25524.79486648962,10345.950134828377,8560.941441285362,0.3715914556884342,0.32055374676104853,7106.769570854539,0.72238753269036,0.7062716960906983
300,24,3,5,sqrt,0.7,30896.44249592938,27470.357463319448,10251.5905364865,8321.470595019451,0.36194997851519495,0.28973307764994705,7193.828171798752,0.7144528561218335,0.7803277015686035
300,24,5,10,sqrt,0.85,31750.590702975624,29505.31033847393,10475.323937726545,9069.152825993944,0.36562970843336073,0.31284380851881555,7123.997735648253,0.6986150145712864,0.8666370868682861
200,16,5,10,sqrt,0.85,31864.510029552737,29477.631068946772,10493.90032656568,9067.17993486248,0.3658003299328011,0.31310936883416307,7212.274843801318,0.6964603299853205,0.5220369338989258
500,8,5,10,sqrt,0.7,32394.021187586186,30615.820288313414,10763.581455649484,9739.244816239367,0.37651253001629537,0.34475099014775096,7093.97832634782,0.6861144615949442,0.9995771884918213
500,16,8,10,sqrt,,32797.2057763235,31405.335222536058,10760.617176079097,9705.41635556788,0.37152985281710293,0.33241884940927746,7016.989388516053,0.6782295526756231,1.2749873161315919
500,24,8,2,sqrt,0.85,33104.48570244516,31944.689144379307,10861.64372574682,9895.647578830827,0.37339165836197513,0.3372661882987302,7123.782012718287,0.6722637597592509,1.167395782470703
300,12,8,2,sqrt,0.7,33558.53002444486,32685.295800569467,11024.614760032176,10156.226709746436,0.3765429700421018,0.34527831053534763,7229.804754345708,0.663146639922672,0.693851900100708
