row_id,split,actual_rent,predicted_rent,residual
4736,val,15000,13514.559209257783,1485.4407907422174
1052,val,130000,116332.13626368383,13667.863736316169
2600,val,40000,70664.81475366306,-30664.814753663057
2818,val,60000,31549.280158522233,28450.719841477767
2820,val,55000,41484.28896665675,13515.71103334325
1037,val,55000,57507.28909089357,-2507.2890908935733
2610,val,42000,82526.468132033,-40526.468132033
1382,val,80000,66915.52962177615,13084.47037822385
2755,val,65000,97894.62371788819,-32894.623717888186
2674,val,35000,51893.919381944186,-16893.919381944186
1397,val,100000,153618.3937512955,-53618.39375129549
2206,val,21000,24313.483377762415,-3313.4833777624153
1980,val,12000,7933.158001646224,4066.841998353776
4277,val,22000,22838.042183834023,-838.0421838340226
4121,val,7500,6313.679069063923,1186.3209309360773
2033,val,30000,19614.043481743483,10385.956518256517
1446,val,22000,28865.355235102124,-6865.355235102124
3807,val,23000,14912.29185525212,8087.7081447478795
2045,val,19000,12566.851698110404,6433.148301889596
4571,val,12000,16749.132298926586,-4749.132298926586
1574,val,12000,13851.276241018522,-1851.2762410185223
4681,val,9000,10263.25105168505,-1263.2510516850507
2335,val,22000,20452.836306203124,1547.163693796876
1817,val,19000,14869.9411262743,4130.0588737257
2553,val,15000,13110.167796377364,1889.8322036226364
3498,val,16000,13823.341901209036,2176.658098790964
2864,val,5500,9803.18345882296,-4303.183458822959
3777,val,17000,15554.272794457711,1445.727205542289
4599,val,16000,17771.749839374475,-1771.7498393744754
2502,val,11000,19717.867237534825,-8717.867237534825
765,val,140000,102424.89424815429,37575.10575184571
3974,val,12000,19878.352001294184,-7878.352001294184
1503,val,10500,12938.179842909996,-2438.1798429099963
1876,val,5000,4993.760470359588,6.239529640412002
1886,val,6000,7549.796276339656,-1549.7962763396563
866,val,100000,112134.71774334594,-12134.717743345944
862,val,30000,20786.760453553892,9213.239546446108
347,val,8500,8081.57393779337,418.4260622066304
1271,val,98000,135265.47119189458,-37265.47119189458
1129,val,35000,33293.67475953993,1706.3252404600717
2738,val,8500,13229.618919960742,-4729.618919960742
1197,val,55000,34753.408924894684,20246.591075105316
3181,val,5000,5180.431665886906,-180.43166588690565
768,val,45000,39663.41014743199,5336.5898525680095
1025,val,100000,99338.49411696964,661.5058830303606
4556,val,11000,12534.677345986895,-1534.6773459868946
2453,val,6000,11111.579572126915,-5111.579572126915
1,val,20000,9105.378781793339,10894.621218206661
2843,val,28000,26988.14418498877,1011.8558150112294
1281,val,95000,60926.21007994227,34073.78992005773
4377,val,20000,21157.526107652986,-1157.526107652986
1904,val,65000,45512.36359066518,19487.636409334817
3263,val,25000,17969.156570252606,7030.843429747394
2965,val,85000,65221.87235493846,19778.12764506154
4414,val,39000,37569.316128065744,1430.6838719342559
209,val,8000,6078.852170017995,1921.1478299820046
1147,val,8000,31928.039062584892,-23928.039062584892
3385,val,5700,6759.016138721963,-1059.0161387219632
3839,val,27000,47456.227070963025,-20456.227070963025
4143,val,60000,46606.708117486145,13393.291882513855
2926,val,5500,8113.8104110534205,-2613.8104110534205
3195,val,12000,11636.31912849683,363.6808715031693
2597,val,10000,12389.564423670028,-2389.564423670028
2302,val,60000,67723.6411706202,-7723.641170620205
4469,val,16000,12330.257413936557,3669.742586063443
638,val,190000,158983.32352549347,31016.67647450653
4489,val,15000,14102.57784029523,897.4221597047708
3213,val,8000,5616.326303629298,2383.6736963707017
3495,val,70000,88067.47923265016,-18067.479232650163
285,val,25000,13681.253294496171,11318.746705503829
4667,val,15000,10388.3078293216,4611.6921706784
3725,val,11000,9440.396869160966,1559.6031308390338
3846,val,14000,13687.225527880571,312.77447211942854
3331,val,30000,23539.761110606516,6460.238889393484
2220,val,6500,7393.615368239583,-893.6153682395834
4622,val,13000,19225.706499571374,-6225.706499571374
667,val,25000,17924.098331493107,7075.901668506893
1773,val,16000,21138.16200068171,-5138.16200068171
744,val,300000,115565.03157690262,184434.9684230974
3849,val,15000,11529.728421138709,3470.2715788612913
4514,val,70000,83301.25411398997,-13301.25411398997
2023,val,16000,13826.794569143585,2173.2054308564148
1732,val,10000,15418.847971160034,-5418.847971160034
2277,val,8000,7513.360515355252,486.63948464474834
1801,val,18000,9054.492083825664,8945.507916174336
3715,val,17000,17182.4089951183,-182.4089951183014
4134,val,25000,21897.503814442916,3102.4961855570837
3500,val,100000,61972.83931321065,38027.16068678935
3326,val,12000,15158.56414337237,-3158.5641433723704
3583,val,10000,10347.18506243448,-347.18506243448064
3370,val,7500,11815.72747858252,-4315.727478582519
2142,val,30000,30731.40131436596,-731.4013143659613
433,val,8500,8055.337789028038,444.66221097196194
634,val,150000,125265.88651372443,24734.11348627557
2239,val,8000,6339.6843075986435,1660.3156924013565
3413,val,30000,32006.931045021316,-2006.931045021316
262,val,15000,9496.773538213954,5503.226461786046
2007,val,14000,15383.218236671697,-1383.218236671697
733,val,25000,22430.941072543694,2569.0589274563063
2069,val,13000,11642.409129188762,1357.5908708112383
3960,val,30000,40578.071705723116,-10578.071705723116
814,val,100000,100098.64421749102,-98.64421749101894
4706,val,12000,12092.447696252215,-92.44769625221488
1077,val,98000,111949.62727420608,-13949.627274206083
975,val,100000,34067.682982689505,65932.3170173105
4335,val,30000,29733.71755501691,266.2824449830914
146,val,2200,8607.20511960445,-6407.20511960445
2021,val,35000,25394.478523531106,9605.521476468894
1895,val,6500,7753.275947014098,-1253.2759470140982
3218,val,18000,16742.01217596176,1257.9878240382386
2195,val,14500,9508.432349085148,4991.5676509148525
4312,val,7000,13102.295827093667,-6102.295827093667
2923,val,280000,151679.6023849596,128320.39761504039
64,val,3500,4954.811124507579,-1454.8111245075788
4118,val,17000,17268.294064768244,-268.2940647682444
1131,val,47000,58066.23502915269,-11066.23502915269
1196,val,120000,116232.50177783493,3767.4982221650716
336,val,7200,7466.038646079366,-266.0386460793661
1815,val,12000,10764.961812294325,1235.0381877056752
4582,val,37000,45326.5466734723,-8326.546673472301
2887,val,10000,10204.145883292269,-204.145883292269
2154,val,9000,8962.238113378902,37.7618866210978
3944,val,45000,40868.71546198373,4131.284538016269
1290,val,80000,56248.35430919442,23751.645690805577
747,val,35000,38679.79284046044,-3679.792840460439
2449,val,9000,11340.456315392252,-2340.456315392252
221,val,5200,7510.105893630021,-2310.1058936300205
3102,val,55000,87991.0905474961,-32991.090547496104
2079,val,14000,12392.57529389627,1607.4247061037295
1049,val,40000,41052.83186590418,-1052.8318659041834
1051,val,95000,58120.73806691809,36879.26193308191
4014,val,16000,14285.755321577766,1714.2446784222338
2860,val,250000,60188.42147449537,189811.57852550462
1433,val,7500,33777.95085645841,-26277.95085645841
4421,val,8000,12544.015185322365,-4544.015185322365
3009,val,15000,17532.326176643302,-2532.3261766433025
4728,val,15000,19167.058279199762,-4167.058279199762
3305,val,14000,14243.459522183171,-243.45952218317143
2057,val,9500,7481.2752442310475,2018.7247557689525
992,val,140000,156828.52141609232,-16828.52141609232
994,val,65000,65703.16028801921,-703.1602880192077
4536,val,38000,20596.690898681016,17403.309101318984
1216,val,43000,59057.86465301059,-16057.86465301059
1277,val,55000,42312.22128866422,12687.778711335777
2052,val,15000,17112.391786353703,-2112.3917863537026
3991,val,18000,10852.8495223302,7147.1504776698
3169,val,10000,11367.984928527023,-1367.984928527023
965,val,68000,78724.07248668198,-10724.07248668198
2182,val,190000,75022.41357140204,114977.58642859796
99,val,15000,19382.459635021238,-4382.459635021238
2970,val,24000,24865.612269838773,-865.6122698387735
226,val,7000,7103.621131259109,-103.62113125910855
74,val,40000,16683.447034093668,23316.552965906332
752,val,57000,53707.880022164245,3292.119977835755
4670,val,17000,18362.326346544713,-1362.3263465447126
3126,val,25000,16733.5006729338,8266.499327066202
1299,val,140000,222367.4822904946,-82367.4822904946
3448,val,120000,105804.67942592074,14195.320574079262
3193,val,15000,13061.457515085585,1938.5424849144147
4650,val,32000,25397.419853032778,6602.580146967222
3573,val,7500,7057.280999480586,442.7190005194143
2326,val,11000,10886.462013737813,113.53798626218668
1988,val,13000,10579.582249300858,2420.417750699142
791,val,600000,449694.71525699954,150305.28474300046
3039,val,40000,47934.47278807744,-7934.472788077437
170,val,5000,3703.4135843243325,1296.5864156756675
3866,val,50000,34865.10329636426,15134.896703635743
2846,val,27000,28017.855118466654,-1017.855118466654
3982,val,12000,12440.826067401993,-440.826067401993
2758,val,12000,14866.617630102919,-2866.617630102919
2712,val,7500,8605.4887255199,-1105.4887255198992
3925,val,15000,10814.440809936483,4185.559190063517
3130,val,15000,13726.885867411154,1273.1141325888457
2588,val,4000,5224.097298752138,-1224.0972987521382
906,val,4500,20054.979360217247,-15554.979360217247
4234,val,6000,4761.142565350503,1238.857434649497
890,val,80000,76551.72893589111,3448.2710641088925
1482,val,40000,34665.37611222686,5334.6238877731375
535,val,30000,35479.636036910735,-5479.636036910735
1329,val,50000,26051.81014113234,23948.18985886766
2444,val,12000,8740.902827072256,3259.0971729277444
1442,val,55000,60714.16635519803,-5714.166355198031
1943,val,5000,9556.476415142679,-4556.476415142679
4151,val,12000,10799.438717536534,1200.5612824634663
2902,val,30000,42600.501681874615,-12600.501681874615
2943,val,27000,28260.3768866086,-1260.3768866085993
271,val,9000,20247.801129502674,-11247.801129502674
1527,val,10000,12442.736756662327,-2442.736756662327
2373,val,8000,10396.626557064184,-2396.6265570641845
3474,val,12000,9933.193719125527,2066.8062808744726
4189,val,13900,8012.257978367334,5887.742021632666
4567,val,23000,20229.636830353258,2770.363169646742
1892,val,7500,6976.915183597673,523.0848164023273
3291,val,10000,9034.540699488403,965.4593005115967
3864,val,28000,28429.34455466202,-429.3445546620205
858,val,160000,140472.24453139544,19527.755468604562
3353,val,20000,19794.98053922173,205.0194607782687
1715,val,21000,17290.502420471388,3709.497579528612
3445,val,20000,24059.964523399907,-4059.964523399907
3932,val,25000,27480.433985486372,-2480.433985486372
2040,val,16000,13194.937992631094,2805.062007368906
663,val,50000,52562.046768753076,-2562.0467687530763
4192,val,4700,9428.937639838383,-4728.937639838383
3202,val,12000,13827.6931692749,-1827.6931692749004
1266,val,85000,41159.805583803805,43840.194416196195
217,val,30000,36175.914433626276,-6175.914433626276
1978,val,27500,18699.770838114564,8800.229161885436
2749,val,30000,32573.85412170317,-2573.8541217031707
3609,val,14000,12611.982880401803,1388.0171195981966
1473,val,45000,43720.775022155285,1279.2249778447149
2059,val,9000,15818.12176614813,-6818.12176614813
4539,val,25000,11161.800471417891,13838.199528582109
653,val,13500,28194.853426030233,-14694.853426030233
2048,val,18000,18471.45269482585,-471.4526948258499
42,val,5000,6489.447713288965,-1489.4477132889651
4454,val,15000,13066.93244795228,1933.0675520477198
1989,val,11000,9951.984451015456,1048.0155489845438
2671,val,20500,18323.684584056973,2176.315415943027
580,val,13000,19568.268567559047,-6568.268567559047
2792,val,7000,11767.919831145691,-4767.919831145691
916,val,90000,72080.69565934096,17919.304340659044
3789,val,36000,50362.12229785277,-14362.122297852773
410,val,6500,10298.558206370535,-3798.558206370535
2089,val,30000,40807.80823744531,-10807.808237445308
3735,val,28000,14656.061477024376,13343.938522975624
201,val,10000,6380.827028920014,3619.1729710799864
2546,val,12000,12308.37059568871,-308.3705956887097
2084,val,12000,12910.179041809639,-910.1790418096389
1710,val,7000,6999.013991403269,0.9860085967311534
4079,val,27000,27560.65676772922,-560.6567677292187
4488,val,25000,25751.323654198608,-751.323654198608
3035,val,10000,10927.072213897702,-927.0722138977017
3920,val,27000,24381.991811994332,2618.0081880056678
3277,val,25000,26721.777338455722,-1721.7773384557222
3949,val,35000,40008.41821666075,-5008.41821666075
2656,val,5000,7477.290210415392,-2477.290210415392
1941,val,22000,7467.689739567152,14532.310260432849
2383,val,18500,13679.425477477216,4820.574522522784
2423,val,8500,8552.373877931157,-52.37387793115704
4653,val,12000,9119.05639605085,2880.94360394915
3962,val,25000,19829.022918412524,5170.977081587476
565,val,44000,70526.1735199576,-26526.173519957607
3248,val,14000,15071.847885737101,-1071.847885737101
1428,val,31000,30197.630041282133,802.3699587178671
1193,val,250000,163775.27623881702,86224.72376118298
2448,val,35000,40711.46420647514,-5711.464206475139
1512,val,7000,6122.040491678516,877.9595083214836
2841,val,10000,9988.126666708355,11.873333291645395
3400,val,7500,10704.461049983322,-3204.4610499833216
395,val,6000,7082.49876094472,-1082.4987609447198
2607,val,15500,14941.656997631817,558.3430023681831
1097,val,29500,37944.546840071685,-8444.546840071685
1917,val,14000,13254.280562942298,745.7194370577017
1491,val,250000,328954.6426822974,-78954.64268229739
1453,val,55000,70903.39436978105,-15903.394369781046
1877,val,18000,9415.713803256818,8584.286196743182
3436,val,13500,13226.14994784646,273.8500521535407
1566,val,24000,22962.592020844608,1037.4079791553922
757,val,24000,25828.159464032546,-1828.1594640325457
3956,val,45000,52839.0919351709,-7839.091935170902
4251,val,15500,10000.132458319496,5499.867541680504
3603,val,6500,9304.959214341332,-2804.959214341332
1496,val,21000,24219.0781458673,-3219.078145867301
3377,val,20000,13685.362735726596,6314.637264273404
3507,val,17000,13230.134498946283,3769.865501053717
2197,val,7500,8726.70219420572,-1226.70219420572
1858,val,17000,16303.430745768528,696.5692542314719
3841,val,9000,12732.738161372496,-3732.7381613724956
1578,val,12000,11904.178402851758,95.82159714824229
247,val,7000,10925.199218244297,-3925.1992182442973
2170,val,15000,15146.779989045366,-146.77998904536616
3069,val,14000,6887.381166941785,7112.618833058215
1093,val,75000,74827.22683497868,172.77316502132453
808,val,60000,29115.430315151785,30884.569684848215
2837,val,150000,157481.69087494342,-7481.690874943422
4061,val,13000,15006.280157715422,-2006.2801577154223
2703,val,10000,10266.287018251609,-266.28701825160897
2417,val,13000,11701.625056511888,1298.374943488112
2590,val,20000,28082.696255184026,-8082.696255184026
4409,val,46000,75870.61075258846,-29870.610752588458
2245,val,11000,11254.777278892041,-254.77727889204107
3560,val,20000,15963.66173744413,4036.3382625558697
4029,val,15000,21657.251880497108,-6657.251880497108
2409,val,7000,8124.309614404418,-1124.3096144044184
3568,val,26000,22390.3376580009,3609.662341999101
592,val,170000,158161.01465076747,11838.985349232535
1979,val,16000,13727.695357042921,2272.3046429570786
373,val,15000,17040.982167357262,-2040.9821673572624
2732,val,20000,12774.72898724829,7225.271012751709
2678,val,17000,17727.040614884747,-727.0406148847469
2751,val,13000,9465.009174219416,3534.9908257805837
1826,val,7000,8177.625626379911,-1177.6256263799114
301,val,15000,14454.07218135013,545.9278186498705
2900,val,16000,20930.066243856607,-4930.066243856607
3316,val,7000,6273.177019533199,726.8229804668008
648,val,80000,94184.06564993509,-14184.065649935088
3645,val,20000,13277.69728222863,6722.30271777137
457,val,8000,7256.726036197833,743.2739638021667
1679,val,40000,33690.42025907404,6309.579740925961
3219,val,15000,16905.921094109748,-1905.921094109748
3030,val,34999,51075.59318554308,-16076.593185543083
3261,val,12000,10996.47031709046,1003.5296829095405
1016,val,45000,52292.67635009698,-7292.676350096983
3033,val,15000,9866.393130406868,5133.606869593132
4369,val,7000,8224.509759467934,-1224.5097594679337
3318,val,20000,27041.48024922119,-7041.480249221189
3662,val,13500,9022.750058936304,4477.249941063696
2830,val,12000,21067.870029123642,-9067.870029123642
4077,val,25000,15027.736949032167,9972.263050967833
1019,val,20000,22687.436924578455,-2687.4369245784546
3446,val,21000,16947.586807249823,4052.4131927501767
1891,val,36000,27647.459108266474,8352.540891733526
1336,val,21000,18568.678287369043,2431.3217126309573
3927,val,12000,11580.11060956087,419.8893904391298
4703,val,60000,56934.873680756566,3065.1263192434344
4522,val,9500,9960.486554452104,-460.4865544521035
2655,val,9500,10317.42015228331,-817.42015228331
187,val,8000,11603.40934637641,-3603.4093463764093
1584,val,27000,21606.79157989916,5393.20842010084
2726,val,10000,10875.751345740355,-875.7513457403547
287,val,7500,15989.30106704743,-8489.30106704743
1156,val,260000,182424.39421260482,77575.60578739518
3348,val,53000,43799.52194013926,9200.47805986074
3679,val,11000,11752.675495724196,-752.6754957241956
3740,val,36000,41375.90056450957,-5375.900564509568
1263,val,27000,39608.117793579964,-12608.117793579964
503,val,40000,36374.60917600756,3625.390823992442
1747,val,15000,12323.390358784609,2676.609641215391
4410,val,12000,12763.683671161041,-763.6836711610413
2329,val,8500,8756.388149922741,-256.3881499227409
600,val,300000,284045.2805122468,15954.719487753173
2592,val,150000,34825.463717665334,115174.53628233467
4497,val,12500,12391.005989794992,108.99401020500773
3934,val,12000,13590.492649474127,-1590.4926494741267
675,val,21000,18529.333765280462,2470.666234719538
4724,val,5000,8090.088009879315,-3090.088009879315
4019,val,12500,9937.60056903066,2562.3994309693408
2542,val,45000,33512.65018937309,11487.34981062691
2478,val,20000,11236.087919448171,8763.912080551829
2522,val,65000,43048.95330565229,21951.046694347708
2809,val,30000,34803.175370483026,-4803.175370483026
2501,val,10000,10372.484907984595,-372.48490798459534
2280,val,30000,29656.274198006548,343.7258019934525
1868,val,22500,44795.76493775404,-22295.764937754037
3422,val,7500,5868.386727898111,1631.6132721018894
999,val,1200000,410903.82556426554,789096.1744357345
2786,val,150000,105280.43047939947,44719.56952060053
2870,val,21000,9703.799783122719,11296.200216877281
4345,val,5000,8985.528613279725,-3985.5286132797246
1837,val,17000,27227.99572607276,-10227.99572607276
4431,val,12000,13729.934879212315,-1729.9348792123146
3653,val,10000,7279.472854550256,2720.5271454497442
1317,val,80000,52266.062382464865,27733.937617535135
1456,val,140000,183071.63089264077,-43071.630892640766
2470,val,2000,9332.91370484214,-7332.91370484214
1545,val,8000,7756.385147089456,243.61485291054396
595,val,75000,82209.02178204672,-7209.021782046722
230,val,3500,6883.151191478625,-3383.151191478625
4623,val,11000,6076.033722270663,4923.966277729337
4441,val,30000,19273.522479378742,10726.477520621258
4105,val,6000,8798.467082439669,-2798.467082439669
3024,val,13000,11524.667006244283,1475.3329937557173
2232,val,150000,154047.34706280363,-4047.3470628036303
2721,val,47000,40907.311680065766,6092.688319934234
3876,val,14000,11935.703375953537,2064.296624046463
40,val,7200,7645.372893056384,-445.3728930563839
3322,val,10000,7085.135926136059,2914.8640738639406
3781,val,27999,28705.02166029207,-706.02166029207
1681,val,16000,15829.021038074126,170.9789619258736
3396,val,8000,9157.324446469906,-1157.3244464699055
4541,val,10000,15308.673050396725,-5308.673050396725
1857,val,27000,18408.62059374113,8591.379406258871
2158,val,24000,19515.509522684075,4484.490477315925
3589,val,7000,9838.022298107293,-2838.022298107293
3244,val,9000,8190.166539330496,809.8334606695043
4391,val,13500,13074.841415545565,425.1585844544352
824,val,48000,45321.056781119725,2678.943218880275
55,val,7000,6564.722052432721,435.2779475672787
2267,val,10000,11795.637448951107,-1795.6374489511072
3531,val,20000,17738.46336725563,2261.53663274437
3092,val,9000,11284.808289344403,-2284.8082893444025
2407,val,40000,20861.564056985033,19138.435943014967
3563,val,18000,18603.7688573537,-603.7688573537016
1896,val,6000,10092.55589496683,-4092.5558949668302
333,val,30000,18615.24705171763,11384.75294828237
32,val,6000,7711.320259397926,-1711.3202593979258
1235,val,200000,294435.82896698907,-94435.82896698907
4485,val,12000,15063.01090412463,-3063.0109041246305
1991,val,23500,13582.637874608014,9917.362125391986
1367,val,55000,37210.01705505298,17789.98294494702
4638,val,8000,7558.616268291099,441.383731708901
2347,val,10000,13709.733507445066,-3709.7335074450657
2454,val,22000,20933.02582219508,1066.974177804921
1221,val,6500,16351.174982573926,-9851.174982573926
2371,val,65000,97978.12356735535,-32978.123567355346
1893,val,9000,8426.851864497708,573.1481355022916
1126,val,50000,63909.36286654554,-13909.36286654554
2171,val,6000,8174.887511146191,-2174.887511146191
2131,val,10000,8364.193915649146,1635.8060843508538
2468,val,13000,10665.49376362234,2334.5062363776597
1065,val,18000,22846.54879476037,-4846.548794760369
3634,val,19000,20971.37047273158,-1971.3704727315817
1636,val,40000,37043.171404772685,2956.8285952273145
1262,val,41000,28736.33093763554,12263.66906236446
3845,val,9500,9157.180978232967,342.8190217670326
3408,val,5000,10469.334237462183,-5469.3342374621825
1616,val,100000,125902.35244014423,-25902.352440144226
2729,val,5500,7581.3186402882,-2081.3186402882
2509,val,32000,24352.399078807684,7647.600921192316
1548,val,20000,27435.463470414626,-7435.4634704146265
3714,val,45000,23958.298447088924,21041.701552911076
2530,val,20000,14961.185006175876,5038.814993824124
4446,val,15000,17358.44886535619,-2358.4488653561893
2972,val,10500,12673.935142816095,-2173.9351428160953
3141,val,13000,10515.500923442809,2484.499076557191
3197,val,8000,9011.48800164572,-1011.4880016457191
4647,val,16000,17590.39218349866,-1590.3921834986613
1206,val,32000,32048.46521304354,-48.465213043538824
4089,val,10000,13483.616397096395,-3483.6163970963953
1935,val,9000,18295.275278637473,-9295.275278637473
2793,val,18500,20015.430648063553,-1515.4306480635532
873,val,40000,35220.17066840117,4779.829331598827
772,val,120000,117462.9575521764,2537.0424478235946
1953,val,9500,13684.020390015534,-4184.020390015534
3532,val,17000,14837.939078056703,2162.060921943297
3401,val,15000,11099.133632533709,3900.866367466291
207,val,6000,8024.503508473992,-2024.503508473992
3825,val,10000,11335.338225194562,-1335.3382251945623
20,val,7900,7410.683616866087,489.3163831339134
3556,val,9500,12160.71346258051,-2660.71346258051
952,val,59000,38035.20678562236,20964.79321437764
4215,val,40000,44364.07525892468,-4364.075258924677
4686,val,7000,5783.350502619461,1216.6494973805393
3561,val,13000,10222.712500333655,2777.287499666345
3818,val,8500,6912.99475636014,1587.00524363986
1666,val,50000,73689.90900804919,-23689.909008049188
1925,val,15000,12875.906059493038,2124.093940506962
3752,val,10000,8196.454524071996,1803.5454759280037
1735,val,8000,8180.157098587898,-180.15709858789796
444,val,10000,13620.451046876222,-3620.451046876222
3608,val,4000,6609.273482921512,-2609.2734829215124
556,val,32000,23074.648118819685,8925.351881180315
1078,val,16000,17731.955498127314,-1731.955498127314
75,val,12500,17225.2163271808,-4725.2163271807985
197,val,15000,16396.249132259592,-1396.2491322595924
1120,val,90100,79454.21393684385,10645.786063156149
2845,val,18000,22029.892090661044,-4029.8920906610438
10,val,25000,20996.442231743393,4003.5577682566072
4093,val,12000,11981.3741361603,18.625863839699377
181,val,50000,30987.67431802725,19012.32568197275
4404,val,12000,16748.63854979888,-4748.638549798881
1609,val,8000,8485.851705554098,-485.85170555409786
96,val,12000,17240.90326048942,-5240.90326048942
4141,val,15500,12493.655863345934,3006.3441366540665
4707,val,110000,73086.0317969083,36913.9682030917
355,val,5200,6220.0268390348065,-1020.0268390348065
2127,val,10000,8826.780957768013,1173.2190422319873
1740,val,6000,7403.174184386777,-1403.1741843867767
292,val,15000,14641.323160453267,358.6768395467334
806,val,19500,63740.360857477295,-44240.360857477295
1114,val,55000,62599.112879101005,-7599.112879101005
2389,val,90000,105026.3797208649,-15026.379720864905
2263,val,9000,9359.024769933747,-359.02476993374694
158,val,14500,15962.468847605416,-1462.4688476054162
4053,val,35000,17305.112758419797,17694.887241580203
3251,val,8000,10048.793664616225,-2048.793664616225
3080,val,11000,10039.544971908032,960.4550280919684
2772,val,20200,24670.033652324306,-4470.033652324306
2557,val,12000,14306.556154182334,-2306.5561541823336
127,val,8000,6363.822024864675,1636.1779751353251
1930,val,18000,21042.921594216332,-3042.921594216332
654,val,18000,58762.51443410038,-40762.51443410038
2505,val,35000,11917.283105266983,23082.716894733017
4186,val,20000,20145.604005931815,-145.60400593181475
1429,val,60000,38869.62567096339,21130.37432903661
4721,val,8000,10459.379133733844,-2459.3791337338444
443,val,5500,5998.8026194892,-498.80261948919997
4646,val,10000,11031.026628363867,-1031.0266283638666
2394,val,260000,153024.7501585341,106975.2498414659
1145,val,50000,30205.230962981725,19794.769037018275
4128,val,22000,18519.119276976042,3480.880723023958
1583,val,19000,18307.67795403079,692.3220459692093
3414,val,12500,7196.147450062091,5303.852549937909
4392,val,21000,17463.740941226766,3536.259058773234
2015,val,5000,6551.301506580956,-1551.301506580956
978,val,40000,44140.9710973151,-4140.971097315101
4430,val,22000,22822.069918224726,-822.0699182247263
3186,val,14000,16379.352721824142,-2379.3527218241416
1729,val,6500,8943.82119530316,-2443.8211953031605
275,val,30000,14834.357727263816,15165.642272736184
1113,val,70000,73984.25122781005,-3984.2512278100476
3535,val,12000,12643.448532959417,-643.4485329594172
2945,val,5000,7903.135492740087,-2903.135492740087
117,val,7000,6207.349899271544,792.650100728456
671,val,65000,70332.93960151233,-5332.939601512335
3315,val,7000,6299.601617441189,700.3983825588111
574,val,55000,60632.50805713884,-5632.508057138839
3406,val,7500,10396.526208902504,-2896.5262089025036
3096,val,15000,42161.77983368282,-27161.77983368282
2888,val,20000,14839.454709947548,5160.545290052452
1436,val,80000,35929.967096275315,44070.032903724685
3177,val,7500,10687.819427615603,-3187.8194276156028
647,val,53000,52568.34808868343,431.6519113165705
2244,val,17000,16490.634222852725,509.36577714727537
2078,val,4000,5944.181526152541,-1944.1815261525408
1932,val,10000,12979.017423343968,-2979.0174233439684
175,val,5500,7728.893772808936,-2228.893772808936
1137,val,32000,46028.14302766989,-14028.143027669888
1356,val,74999,52014.20709845122,22984.792901548783
13,val,5500,6459.3218126677875,-959.3218126677875
915,val,10000,16522.123301562257,-6522.1233015622565
3922,val,9000,16395.166771804226,-7395.166771804226
3943,val,14000,18799.526851914245,-4799.526851914245
234,val,4500,5875.319660206795,-1375.3196602067947
1343,val,80000,179293.4506563018,-99293.45065630181
3167,val,16000,12224.027346842862,3775.9726531571378
1850,val,8900,22598.82334606031,-13698.823346060311
3122,val,12500,13874.16228322776,-1374.1622832277608
3678,val,23000,23626.559412699167,-626.5594126991673
236,val,4500,4420.060516385491,79.9394836145093
4191,val,9000,10419.0799905101,-1419.0799905100994
1824,val,16500,23762.170438561734,-7262.170438561734
2938,val,25000,25019.78327251359,-19.7832725135886
3710,val,22000,18263.88711859156,3736.1128814084404
4595,val,12000,9127.28050863174,2872.7194913682597
2222,val,22000,38542.429970798206,-16542.429970798206
3569,val,9000,11005.581421361148,-2005.5814213611484
149,val,20000,13481.268320239891,6518.731679760109
4020,val,25000,25212.752855616112,-212.75285561611236
4598,val,10000,7237.2019188768945,2762.7980811231055
3132,val,15000,11045.984728055728,3954.015271944272
2458,val,5500,11376.663018530293,-5876.663018530293
383,val,10000,10886.366652565883,-886.3666525658828
4185,val,16000,12878.589232704144,3121.410767295856
4731,val,12000,12568.480188094196,-568.4801880941959
3320,val,18000,14643.88350003055,3356.11649996945
4592,val,12000,14146.856102012636,-2146.8561020126363
3346,val,9000,11842.172958392419,-2842.172958392419
1808,val,70000,7477.561976059195,62522.438023940806
2013,val,25500,43391.44868282369,-17891.44868282369
3065,val,15000,16822.904929612418,-1822.9049296124176
737,val,22000,27890.64084297641,-5890.640842976409
1757,val,7000,6766.815399937402,233.1846000625983
803,val,50000,114028.40697626956,-64028.40697626956
1226,val,15000,25561.528111627602,-10561.528111627602
3879,val,11000,12297.048890321295,-1297.0488903212954
1580,val,15000,11829.91124333952,3170.0887566604797
3780,val,13000,17768.221096219502,-4768.221096219502
2353,val,22000,14182.542849852829,7817.457150147171
4247,val,8500,10275.704005269796,-1775.7040052697957
4594,val,30000,26117.098475133214,3882.9015248667856
1265,val,65000,77624.28749775368,-12624.287497753685
4364,val,28000,20909.94033685949,7090.05966314051
3393,val,13000,10874.498357391558,2125.501642608442
4166,val,14000,20715.056751826844,-6715.0567518268435
118,val,3900,4679.875424232298,-779.8754242322984
725,val,600000,313643.6167297364,286356.3832702636
2129,val,13000,18397.55203431817,-5397.552034318171
1791,val,8000,8199.829869400684,-199.8298694006844
1426,val,47000,39270.68824850596,7729.311751494039
521,val,18000,13918.870537971383,4081.129462028617
3952,val,12500,14173.463063564917,-1673.4630635649173
583,val,28000,30362.78100269758,-2362.7810026975785
361,val,8000,6204.847710615378,1795.1522893846222
1602,val,15000,21621.365183371272,-6621.365183371272
3647,val,600000,12973.502474363246,587026.4975256368
4718,val,30000,33927.66228453951,-3927.6622845395104
95,val,5000,5583.443857378162,-583.4438573781617
4394,val,10000,11423.37540740618,-1423.3754074061799
956,val,40000,31401.652731605824,8598.347268394176
1894,val,18000,23096.60470860031,-5096.604708600309
1727,val,15000,13070.813209136453,1929.1867908635468
228,val,14000,13303.158088021291,696.8419119787086
1944,val,6000,7075.179504913372,-1075.1795049133716
1402,val,32000,30168.01949129752,1831.9805087024797
1743,val,20000,15362.85596596597,4637.1440340340305
2669,val,55000,35957.35148539767,19042.648514602333
4555,val,15000,17767.03056093732,-2767.030560937321
2332,val,6000,7685.909532745696,-1685.9095327456962
1721,val,22000,35530.51416487553,-13530.51416487553
3229,val,25000,26077.698039717616,-1077.6980397176158
3692,val,8500,10572.907660685229,-2072.9076606852286
4078,val,35000,24634.88557219906,10365.114427800941
934,val,310000,309824.21884444385,175.78115555614932
3976,val,45000,19277.597112514868,25722.402887485132
4129,val,15000,12191.574691377049,2808.425308622951
4433,val,15000,20766.544696606506,-5766.5446966065065
1117,val,150000,146644.61749426668,3355.382505733316
3995,val,130000,9270.272664281492,120729.7273357185
185,val,8000,9292.10327503891,-1292.1032750389095
489,val,8000,6272.926981373908,1727.0730186260917
560,val,44000,58117.132292024915,-14117.132292024915
868,val,45000,46858.07203010982,-1858.072030109819
2145,val,25000,14687.927255711002,10312.072744288998
1713,val,20000,18070.598692159725,1929.401307840275
3681,val,15000,11311.498981514886,3688.5010184851144
3552,val,10000,6847.506254739973,3152.493745260027
1902,val,8000,18371.283480570008,-10371.283480570008
2388,val,9000,9535.535388780698,-535.5353887806978
3108,val,15000,9613.041997980776,5386.958002019224
3745,val,8500,16759.453919207954,-8259.453919207954
130,val,4500,6200.438732273232,-1700.4387322732318
2559,val,10000,16370.10367105037,-6370.10367105037
3230,val,9000,11406.90525551703,-2406.905255517029
4550,val,21000,16016.698903324963,4983.301096675037
2138,val,5000,5629.1251861389055,-629.1251861389055
1752,val,16000,23697.295698514794,-7697.295698514794
3345,val,20000,25763.649985966447,-5763.649985966447
1931,val,120000,155630.77306729485,-35630.77306729485
1573,val,10500,13362.502197953847,-2862.502197953847
171,val,9000,8942.557781677933,57.442218322066765
3027,val,12000,7061.889967770884,4938.110032229116
1637,val,10000,13567.631649282175,-3567.631649282175
2848,val,350000,77970.4209508713,272029.5790491287
3821,val,19000,13961.107887407821,5038.892112592179
2753,val,18000,13434.165312339203,4565.8346876607975
3727,val,25000,16624.258760837136,8375.741239162864
4427,val,10000,9007.250210790131,992.749789209869
3737,val,3500,5048.499448893255,-1548.4994488932552
3302,val,10000,16728.919260780076,-6728.919260780076
3557,val,18000,18432.716855648847,-432.71685564884683
2835,val,18000,19213.338168885664,-1213.3381688856643
1381,val,45000,60995.05419882839,-15995.054198828388
534,val,32000,32650.9645626649,-650.9645626648999
3086,val,10000,10075.393688568198,-75.39368856819783
1910,val,12000,22594.913699149314,-10594.913699149314
4333,val,10000,18177.76544932135,-8177.765449321349
2043,val,21000,24812.863293690807,-3812.863293690807
3303,val,20000,15364.1486251822,4635.851374817799
1214,val,40000,25929.76291057786,14070.237089422139
374,val,6200,8024.599933831904,-1824.5999338319043
1055,val,35000,20955.157505673567,14044.842494326433
3255,val,20000,27450.441758864723,-7450.441758864723
1907,val,11000,7269.683503313346,3730.3164966866543
100,val,22000,37505.64952849498,-15505.649528494978
3201,val,60000,44528.251084519005,15471.748915480995
2425,val,18000,13106.30245522299,4893.697544777009
255,val,5300,7395.578569473626,-2095.578569473626
1798,val,30000,75776.26563709707,-45776.265637097065
3961,val,7000,9437.430409876035,-2437.430409876035
828,val,130000,143400.671097621,-13400.671097621002
1610,val,7500,7911.3792306430205,-411.3792306430205
1647,val,8500,13765.06821650153,-5265.06821650153
1672,val,18000,15206.7028058695,2793.2971941305004
1726,val,7000,6239.92282602285,760.0771739771499
4450,val,30000,24178.604614589305,5821.395385410695
606,val,170000,167537.48547149135,2462.5145285086473
2969,val,9000,7349.138040786427,1650.8619592135728
1632,val,20000,7284.39768486511,12715.602315134889
2882,val,15000,13260.920488183741,1739.0795118162587
4203,val,7000,9113.752806801105,-2113.752806801105
4666,val,15000,22609.106311530923,-7609.1063115309225
1209,val,80000,73199.7710946844,6800.228905315598
3282,val,16500,24624.505924714565,-8124.5059247145655
3911,val,12000,17906.744697406444,-5906.744697406444
3482,val,13000,15526.020905484154,-2526.0209054841544
2074,val,11500,8897.534135894539,2602.465864105461
1835,val,16000,17595.208543240464,-1595.2085432404638
4299,val,15500,19857.73290664521,-4357.732906645211
1123,val,80000,33594.48039404397,46405.51960595603
3306,val,11000,9723.720070600124,1276.279929399876
2240,val,13500,10634.986430792336,2865.0135692076637
1178,val,57000,43487.716113386436,13512.283886613564
1314,val,14500,19914.31015774975,-5414.310157749751
1981,val,75000,85659.72744554121,-10659.727445541212
4124,val,10000,9470.355746833055,529.6442531669454
3754,val,7000,12300.574922348484,-5300.574922348484
70,val,7500,6029.514514702274,1470.485485297726
1918,val,6000,10606.732278044929,-4606.7322780449285
896,val,180000,193833.8013330924,-13833.801333092386
3430,val,14000,12481.363405711116,1518.6365942888842
1157,val,300000,303332.4489580601,-3332.448958060122
4202,val,13000,10719.084633613791,2280.915366386209
3684,val,11000,7940.053112440053,3059.946887559947
4161,val,9500,10340.784294230398,-840.7842942303978
577,val,85000,43122.57643290098,41877.42356709902
3503,val,17000,14984.9455612577,2015.0544387422997
690,val,18000,18013.92082050338,-13.920820503379218
2962,val,17000,12811.55322534041,4188.446774659589
3412,val,30000,20297.272305088452,9702.727694911548
2741,val,30000,22387.560852044015,7612.439147955985
416,val,6500,7526.467074686332,-1026.4670746863321
555,val,190000,268270.4010651069,-78270.40106510691
3131,val,22000,14213.749679402954,7786.250320597046
3667,val,20000,13784.775419282016,6215.224580717984
1013,val,35000,34313.03940165575,686.9605983442525
2979,val,6500,12847.202257076171,-6347.202257076171
4521,val,55000,50260.743906522235,4739.256093477765
1422,val,70000,35889.92259391555,34110.07740608445
4537,val,67000,57141.396715534655,9858.603284465345
3581,val,13000,11630.276939929885,1369.723060070115
4090,val,12000,9134.035305934325,2865.964694065675
1657,val,6900,6915.601525575994,-15.601525575993946
71,val,16000,13653.129722896592,2346.8702771034077
4336,val,15000,31050.402547289832,-16050.402547289832
3580,val,6000,7469.768552856206,-1469.768552856206
1101,val,33000,24361.199359738963,8638.800640261037
3512,val,7500,6273.813411277072,1226.1865887229278
1802,val,30000,38889.75822413542,-8889.758224135418
481,val,10000,8111.60709347352,1888.3929065264801
3923,val,12000,10751.248966389065,1248.7510336109353
1368,val,15000,21311.940999980834,-6311.940999980834
1970,val,30000,30359.581932875066,-359.58193287506583
2028,val,10500,12317.792613489737,-1817.792613489737
1393,val,60000,66465.4558414084,-6465.455841408402
4527,val,22000,21400.685703265826,599.3142967341737
2827,val,18000,24626.577717315537,-6626.577717315537
3623,val,17000,11717.430327235174,5282.5696727648265
2374,val,11000,13351.474143070081,-2351.4741430700815
1460,val,17000,22384.64976022793,-5384.6497602279305
4612,val,11000,13414.536202848843,-2414.5362028488435
