model,,alpha,cv_rmse,train_rmse,cv_mae,train_mae,cv_rmsle,train_rmsle,cv_rmse_sd,cv_r2
ridge,0,0.001,30056.176325268036,29876.309776954597,10675.980151957443,10480.6347114616,0.3722653291785855,0.3654268409499212,6849.965411631279,0.7286395459317407
ridge,1,0.001584893192461114,30056.132941789063,29876.304365669414,10675.975008496593,10480.63315924783,0.3722652195124216,0.3654268409947647,6850.028280946991,0.7286403694093521
ridge,2,0.0025118864315095794,30056.06419937359,29876.29579628318,10675.966857546551,10480.63069926405,0.3722650457688954,0.3654268411073856,6850.127906791824,0.7286416742317934
ridge,3,0.003981071705534973,30055.955289572477,29876.28223210229,10675.953941386311,10480.62680072691,0.37226477056875173,0.36542684139019305,6850.285764680768,0.7286437414786555
ridge,4,0.00630957344480193,30055.78277854279,29876.2607779507,10675.933476238153,10480.620622651026,0.37226433481955834,0.36542684210024046,6850.535856078963,0.7286470159429685
ridge,5,0.01,30055.50961635881,29876.22688486565,10675.90105518587,10480.610832790906,0.37226364524154276,0.3654268438824755,6850.931982035364,0.7286522008483695
ridge,6,0.01584893192461114,30055.077308912303,29876.173442361836,10675.849706460769,10480.595603946324,0.372262554936803,0.3654268483539863,6851.55919174032,0.7286604064046973
ridge,7,0.025118864315095808,30054.393715018647,29876.089428941486,10675.768412420739,10480.571703475258,0.37226083344072836,0.36542685956501364,6852.551728809071,0.7286733813549502
ridge,8,0.039810717055349734,30053.314213373418,29875.957994742814,10675.63979096348,10480.533997266577,0.3722581213632531,0.3654268876429219,6854.120979407812,0.728693870253857
ridge,9,0.06309573444801933,30051.613109799207,29875.753968958044,10675.436492038822,10480.474323559405,0.3722538637067356,0.36542695784311935,6856.598538639512,0.7287261557174194
ridge,10,0.1,30048.941402215532,29875.44124218016,10675.115662283002,10480.379930829615,0.37224721692912816,0.36542713288215467,6860.501437545112,0.7287768589688381
ridge,11,0.15848931924611143,30044.767301649867,29874.97181401945,10674.611720754401,10480.23084316897,0.3722369323832923,0.3654275674707875,6866.62813531791,0.728856066268676
ridge,12,0.25118864315095824,30038.29962688405,29874.291736362233,10673.827806595142,10479.998190700344,0.3722212438739609,0.36542863927449776,6876.1929580317765,0.7289787776133141
ridge,13,0.3981071705534973,30028.40675734849,29873.3671221652,10672.608713246436,10479.665461942865,0.3721978527482602,0.36543125516975566,6890.997926026728,0.7291664354290213
ridge,14,0.6309573444801936,30013.575214650125,29872.259487089927,10670.729093227998,10479.195767185858,0.37216424886176974,0.3654375375523934,6913.613205272714,0.7294476992614021
ridge,15,1.0,29992.01412931027,29871.30588632699,10667.944922762887,10478.579142819226,0.37211886358987833,0.36545225945375426,6947.472989825263,0.7298564729701766
ridge,16,1.584893192461114,29962.09908047471,29871.482972450274,10663.919457880304,10477.899445468904,0.3720638390816478,0.36548551763585085,6996.680354500071,0.7304236035618968
ridge,17,2.5118864315095824,29923.38120467177,29874.999273200996,10659.308472867264,10477.223182496919,0.37201002342919265,0.36555677607068854,7065.195862635081,0.7311582032516541
ridge,18,3.981071705534973,29878.150960576593,29885.956955547852,10653.719798227936,10477.102209545876,0.3719829905748499,0.36569866549487245,7155.151479762721,0.732019162935166
ridge,19,6.309573444801936,29832.860067503796,29910.54265291467,10647.158775142003,10478.788067414283,0.37202467375716725,0.3659554521141385,7264.600790655695,0.7328900880271978
ridge,20,10.0,29798.081823085337,29956.120609424317,10640.902440013333,10481.84554662267,0.37218232889412306,0.3663695765431003,7386.025864190314,0.733581483551266
ridge,21,15.848931924611142,29786.502202719043,30029.58289479356,10638.667838083727,10486.619969375419,0.3724844949032069,0.3669582228055539,7507.239044721424,0.7338678868546231
ridge,22,25.11886431509582,29810.542445255793,30136.63559698722,10640.202648992967,10494.558832432787,0.37292168699550016,0.36769821457073787,7614.821279915877,0.7335295887363815
ridge,23,39.81071705534978,29881.373455201603,30282.828927665698,10645.086481415967,10506.849170712641,0.3734521809815593,0.3685371672320748,7698.292285055248,0.7323672802725721
ridge,24,63.09573444801943,30008.783296559286,30474.7555854532,10657.049210444911,10530.992879585585,0.3740281264161144,0.3694226287382234,7753.064832029464,0.730200048254115
ridge,25,100.0,30201.840301315708,30720.914475591,10677.958849445611,10565.767654782621,0.37462212216765267,0.3703278618164657,7781.234686091045,0.7268492693854343
ridge,26,158.48931924611142,30473.455509645446,31035.423158689897,10732.40998222438,10623.629753428842,0.3752543814240378,0.3712760256710599,7790.103791889898,0.722052885223021
ridge,27,251.18864315095823,30850.06575418346,31446.426629387523,10809.048703766302,10705.135474449262,0.3760389667979319,0.37238399071836115,7789.5559808348,0.7152795637758508
ridge,28,398.1071705534977,31381.770064879423,32005.447344529406,10915.132421333681,10817.075376684379,0.37725844270361214,0.37393596133757934,7790.310580019712,0.7055090007912967
ridge,29,630.9573444801943,32146.873004698788,32791.91260196222,11068.858659411797,10983.211669617962,0.3794649740033254,0.3764836731940333,7803.705560737793,0.6910695583434079
ridge,30,1000.0,33247.192995374746,33908.45302086,11292.225463551424,11215.349083357472,0.3836076662783554,0.38097266211829517,7840.185817524542,0.6695897034677911
ridge,31,1584.893192461114,34793.480647310214,35465.20234171736,11659.827820497769,11584.353081796282,0.39118815814141167,0.3888985340001253,7901.581091926243,0.6380810154060251
ridge,32,2511.886431509582,36885.56517741706,37557.85286078836,12206.592744755606,12139.35201777251,0.4044309143204,0.40248077971482665,7968.108310689985,0.5930835921942388
ridge,33,3981.0717055349774,39584.176101814104,40239.562872155,13081.702795938065,13034.83945587776,0.42636811827828874,0.4247505135247506,7995.238795514121,0.5310240244831714
ridge,34,6309.573444801943,42840.016112755126,43456.84492003394,14310.27000605773,14276.566300030008,0.46046738541921667,0.45917385674135314,7940.617978897512,0.4500068079161051
ridge,35,10000.0,46392.42385137188,46957.01065807669,15830.466977597913,15811.73813797258,0.5091652420488749,0.508176048937394,7808.459389681981,0.35380705733731393
lasso,0,1e-06,30055.271218264756,29876.181729126412,10675.503126139556,10480.596977053146,0.37222195212236076,0.3654268441381353,6850.63147709494,0.7286564918761259
lasso,1,1.584893192461114e-06,30055.072333174096,29876.21958232231,10675.514286580456,10480.635468336264,0.37222078634989275,0.36542684823953453,6850.756697782287,0.7286588327396102
lasso,2,2.5118864315095823e-06,30055.233046499972,29876.13159602512,10675.4853397477,10480.672385204576,0.37221943442197986,0.36542685887520365,6850.600656243269,0.728657268114176
lasso,3,3.981071705534969e-06,30054.64993901173,29876.022847603926,10675.401561694647,10480.693358222019,0.37221650235612297,0.3654268860213316,6851.0561745243285,0.728668244625089
lasso,4,6.30957344480193e-06,30053.72746147903,29875.851831822634,10675.268800879838,10480.72659212395,0.3722118805671063,0.36542695421090626,6851.777469218079,0.728685610374286
lasso,5,1e-05,30052.270076990204,29875.584362230285,10675.05857457408,10480.779287725152,0.3722046162792928,0.36542712551273365,6852.917988561567,0.7287130414716481
lasso,6,1.584893192461114e-05,30049.97748142148,29875.169487074472,10674.730264271217,10480.863048333038,0.3721932634561533,0.3654275559104659,6854.717294072697,0.728756178046195
lasso,7,2.5118864315095822e-05,30046.38308949467,29874.533200390702,10674.215288309522,10480.999131657281,0.3721756588356666,0.3654286373198861,6857.551764168231,0.7288237862782856
lasso,8,3.9810717055349695e-05,30040.581142956788,29873.547339246383,10673.368434651942,10481.230010020183,0.37214798297075186,0.36543135033152446,6862.072526542958,0.7289328937393812
lasso,9,6.309573444801929e-05,30032.164675207103,29872.133285756194,10672.185001400512,10481.662170303878,0.3721126440747529,0.3654379015830311,6869.198018751211,0.7290905950502464
lasso,10,0.0001,30018.33676156532,29870.36918433867,10670.588983513568,10482.38071478314,0.37206074479673473,0.36545422748288625,6880.545867658502,0.7293484401911761
lasso,11,0.00015848931924611142,29996.583913568862,29868.895908729224,10668.626433812844,10483.62215934723,0.3720017956840739,0.3654935710888941,6899.098546018933,0.7297529725982852
lasso,12,0.0002511886431509582,29960.874043036973,29869.08742662531,10665.405446263718,10486.081831496382,0.3719444574877674,0.3655913995748637,6930.269940728513,0.7304247034590464
lasso,13,0.00039810717055349735,29888.473591478785,29876.221398627335,10661.097908341118,10491.0264323849,0.3718797694185832,0.3658275548988076,6991.271723368689,0.7317367323487423
lasso,14,0.0006309573444801936,29794.022022156336,29894.99190019435,10653.000890982974,10497.110703117592,0.3719569536095082,0.3663729276046203,7109.938565785891,0.733500167814211
lasso,15,0.001,29686.47675024323,29963.284213296625,10645.280901697455,10511.229114681086,0.37255421057920257,0.36755002320496377,7284.683427966024,0.7355431350225802
lasso,16,0.001584893192461114,29681.13807982328,30088.033910965674,10651.02823706355,10533.847119290474,0.3731956288192488,0.368697893702598,7438.563800605212,0.735726423652577
lasso,17,0.002511886431509582,29650.989211256478,30204.858124684433,10657.4896083759,10560.002389846406,0.37328931240698254,0.3694771820377739,7507.584486367199,0.7364222052993533
lasso,18,0.003981071705534973,29659.91978488168,30265.869616362208,10651.620066244464,10561.59796328138,0.3731922215857478,0.36965895737774224,7494.555109662459,0.7362793387380362
lasso,19,0.006309573444801936,29725.948785324832,30343.194317778467,10646.40157266349,10559.999704826854,0.37342514773419666,0.36999277237611317,7528.963976910311,0.7351295325681655
lasso,20,0.01,29873.895131509304,30495.82436719262,10644.949236817993,10568.914416867057,0.37419468312462933,0.37079999828945914,7569.322329901885,0.7325248495480903
lasso,21,0.01584893192461114,30171.549347339802,30795.290724493872,10672.639422093516,10604.206469379613,0.37603917313067536,0.3727273398439258,7610.8273698123785,0.7272485898617136
lasso,22,0.025118864315095822,30694.023187280418,31351.2735979231,10767.307201315249,10708.25370341563,0.3796842820356741,0.37657752474658424,7671.5881287708835,0.7178188231683913
lasso,23,0.039810717055349776,31623.259446002357,32297.991496048664,11009.921578939053,10952.003207342143,0.38690385899208735,0.38394749345655,7811.569092912729,0.7006412288747492
lasso,24,0.06309573444801943,33381.66254553074,34062.620630190824,11543.232450260219,11466.866353410744,0.40310075290235875,0.4004537118186454,7936.519676598644,0.6666692222156005
lasso,25,0.1,36291.12314787365,36956.348288338006,12465.248717411287,12383.343034103964,0.425958423712827,0.42384442685989326,8065.049391538253,0.6062363573135372
lasso,26,0.15848931924611143,40913.9735003937,41531.152404969806,14092.538087044988,14039.39410828382,0.46601964300719817,0.46407454949817356,8154.7101701460815,0.4991386046497285
lasso,27,0.25118864315095824,47207.64999732978,47761.50332887242,16830.071823127033,16800.186503315013,0.5510617826443092,0.5494711923642772,8125.303040078626,0.3313682487735739
lasso,28,0.39810717055349776,53871.993783506354,54363.30056556151,20415.46988693817,20404.36680290738,0.7004561363991006,0.699663413415728,7863.8611015378965,0.12573311438486603
lasso,29,0.6309573444801942,58950.88360273269,59361.21566349637,24056.81357969714,24048.846884580715,0.9104898041689168,0.9102733698556167,7337.999770491915,-0.05148606917797669
lasso,30,1.0,59320.79002358737,59724.68164375236,24372.62356335877,24369.256797743834,0.9322576521975618,0.9322613350399983,7247.716795777867,-0.06526870832489537
