alpha,l1_ratio,cv_rmse,train_rmse,cv_mae,train_mae,cv_rmsle,train_rmsle,cv_rmse_sd,cv_r2
1e-06,0.05,30056.015124652225,29876.28088015571,10675.659540279943,10480.627074935339,0.3722297812638141,0.3654268411916564,6850.160285269459,0.7286425987632859
1e-06,0.1,30055.986242234543,29876.271989176166,10675.652376917002,10480.624720375305,0.3722294592774209,0.3654268412662528,6850.201834006951,0.7286431455016938
1e-06,0.3,30055.866553080537,29876.23582156709,10675.622891667317,10480.615501216165,0.37222813951403994,0.36542684167082884,6850.372845055799,0.7286454069199781
1e-06,0.5,30055.748267709227,29876.205983849668,10675.591440182674,10480.607305192098,0.37222644816861145,0.3654268422168994,6850.560572853843,0.7286476496847035
1e-06,0.7,30055.61991805517,29876.15726568969,10675.549905142912,10480.594190887481,0.3722246951417385,0.365426842920936,6850.74510275745,0.7286500645443365
1e-06,0.9,30055.49331427014,29876.116334366652,10675.513530640923,10480.582795939239,0.3722230548342291,0.36542684380851626,6850.932996904845,0.7286524508996213
1e-06,0.95,30055.27955666877,29876.16581227774,10675.503201455276,10480.594607618401,0.3722221646216101,0.3654268439887813,6850.6308660048435,0.7286562535567814
1e-06,0.99,30055.27932482654,29876.18292621131,10675.504880552591,10480.597359627875,0.37222203578742274,0.3654268440886527,6850.625988215984,0.7286563407368438
1.778279410038923e-06,0.05,30055.846814919485,29876.25264185923,10675.677745530189,10480.6195199468,0.3722334995560891,0.3654268417785403,6850.418631520713,0.7286458038687093
1.778279410038923e-06,0.1,30055.795365232603,29876.236208175706,10675.66582377144,10480.615557348934,0.37223297066277883,0.3654268420140234,6850.490985393637,0.7286467756346292
1.778279410038923e-06,0.3,30055.5921285622,29876.181355548128,10675.618002606028,10480.601545585634,0.37223059142983506,0.36542684326178515,6850.801199094727,0.7286506323388015
1.778279410038923e-06,0.5,30055.215030183772,29876.157694844238,10675.55053187386,10480.594309302744,0.372227227008926,0.36542684489122734,6850.81793786866,0.7286575516516132
1.778279410038923e-06,0.7,30054.7369822816,29876.172768674493,10675.484431388872,10480.600390676436,0.37222360400578763,0.36542684677177445,6850.982542751626,0.7286662244809399
1.778279410038923e-06,0.9,30055.026643931913,29876.21225470542,10675.515292605667,10480.633453628023,0.37222135149383406,0.36542684877063314,6850.81866388015,0.7286597313546439
1.778279410038923e-06,0.95,30054.97889541826,29876.209952441357,10675.507701467028,10480.634437562076,0.3722208299207092,0.3654268494382486,6850.844533830046,0.7286605220130198
1.778279410038923e-06,0.99,30054.940600253925,29876.208015836368,10675.501792733838,10480.635164589365,0.37222043356812473,0.3654268499930725,6850.8654824844125,0.7286611562606649
3.162277660168379e-06,0.05,30055.546578842954,29876.203960743605,10675.699020615819,10480.60677804188,0.37223917790362293,0.3654268436350394,6850.869912501693,0.7286515112659402
3.162277660168379e-06,0.1,30055.45708236131,29876.17573334399,10675.679686158315,10480.600410376366,0.3722383759160878,0.365426844376736,6850.991371769489,0.7286532057590648
3.162277660168379e-06,0.3,30054.93395044307,29876.1260087201,10675.577078266895,10480.588185527737,0.3722323805872094,0.36542684812504805,6851.205871701693,0.7286629107592246
3.162277660168379e-06,0.5,30054.416840545957,29876.12463806816,10675.476377058101,10480.606840624547,0.37222550153918943,0.3654268525108726,6851.464201685134,0.7286722656601097
3.162277660168379e-06,0.7,30055.053406790365,29876.12388937695,10675.497168706675,10480.652199815535,0.3722220718965362,0.3654268578118769,6850.88178261401,0.7286606302269114
3.162277660168379e-06,0.9,30055.00335531545,29876.096892589365,10675.463141016995,10480.671994618358,0.3722192895752983,0.36542686514980177,6850.827831204084,0.728661586503374
3.162277660168379e-06,0.95,30054.989027226802,29876.0902355849,10675.455596900641,10480.676892590649,0.3722186983380853,0.36542686721772866,6850.814995275609,0.7286618584564116
3.162277660168379e-06,0.99,30054.97764534248,29876.08476237779,10675.449709789857,10480.68072262499,0.3722182456515003,0.3654268689376945,6850.804935931854,0.7286620749725796
5.623413251903491e-06,0.05,30055.012287974074,29876.121720080344,10675.708425215478,10480.58595033523,0.3722465283060485,0.36542684950593907,6851.653034880963,0.7286616558253806
5.623413251903491e-06,0.1,30054.869163158997,29876.080579070614,10675.681312140932,10480.57767259468,0.3722453824327587,0.3654268518248494,6851.8638083685255,0.7286643802607143
5.623413251903491e-06,0.3,30053.785554589722,29876.014365859806,10675.453937094808,10480.56882561789,0.3722299357230405,0.36542686325891405,6852.241112161749,0.7286842647481773
5.623413251903491e-06,0.5,30054.20489512523,29876.016984328868,10675.431459328232,10480.63183065662,0.372222981855299,0.3654268758118423,6851.813433225468,0.7286764684422296
5.623413251903491e-06,0.7,30054.13779465897,29875.973592783546,10675.375246566182,10480.664401784885,0.37221831347686923,0.36542689432032427,6851.704612283358,0.7286778502685223
5.623413251903491e-06,0.9,30054.049475429794,29875.92589536403,10675.32905355495,10480.69957633004,0.372214773836448,0.36542691753423306,6851.609858117135,0.7286795387089371
5.623413251903491e-06,0.95,30054.024092019907,29875.914178698156,10675.318422948154,10480.708288735736,0.37221399315568166,0.36542692407785526,6851.587111165695,0.7286800204248595
5.623413251903491e-06,0.99,30054.003903939527,29875.904500663066,10675.309999314184,10480.715092570517,0.37221338823583217,0.3654269295193621,6851.569590266185,0.7286804048518576
1e-05,0.05,30054.064601391197,29875.983967926306,10675.667388042799,10480.551101077534,0.3722531330625526,0.3654268680657283,6853.017182432185,0.7286796285886397
1e-05,0.1,30053.69323403002,29875.95797310236,10675.572496229479,10480.549502330456,0.3722447745776618,0.36542687516718597,6853.113168198149,0.7286865210873008
1e-05,0.3,30052.567321560193,29875.864469449658,10675.326131040105,10480.561366825485,0.37222608722884454,0.36542690859282684,6853.706416478434,0.7287064456853471
1e-05,0.5,30052.63342336154,29875.786083246523,10675.235803305357,10480.628176809007,0.372217670575978,0.36542695115470425,6853.355697043362,0.7287059283348184
1e-05,0.7,30052.51423051735,29875.709764178708,10675.158522170545,10480.686040726483,0.37221168139825084,0.36542700969873754,6853.165199698666,0.7287083844331848
1e-05,0.9,30052.35790554498,29875.625936920034,10675.090629544447,10480.748600873809,0.37220681513518006,0.3654270831592359,6852.99835192174,0.7287113743458706
1e-05,0.95,30052.312636632334,29875.605369109173,10675.074455775683,10480.76408228397,0.3722057033329401,0.365427103869268,6852.958713786324,0.7287122333132484
1e-05,0.99,30052.27763795349,29875.588433819074,10675.061582866136,10480.776224415877,0.37220483210422245,0.3654271211011421,6852.927136605511,0.7287129004608897
1.778279410038923e-05,0.05,30052.29403516002,29875.770404897943,10675.488584878074,10480.495970156764,0.37225192688300834,0.3654269263228417,6855.254783085756,0.7287130782132323
1.778279410038923e-05,0.1,30051.756185289218,29875.692732334544,10675.347808455703,10480.48640184518,0.37224039346113696,0.36542694889611865,6855.617573336105,0.7287231648089286
1.778279410038923e-05,0.3,30050.088441646792,29875.51438656436,10675.025009918629,10480.519756216421,0.3722192272921031,0.3654270527167398,6856.4088113868,0.7287532882332481
1.778279410038923e-05,0.5,30049.85412909267,29875.384621099984,10674.888425902123,10480.621731472173,0.37220833816324506,0.3654271889389715,6856.088153739645,0.7287580275101143
1.778279410038923e-05,0.7,30049.642176726436,29875.251419276145,10674.774800791613,10480.724524939205,0.37220005505572884,0.36542737414875764,6855.755507272742,0.7287623976109059
1.778279410038923e-05,0.9,30049.364365191257,29875.10530828639,10674.67078705667,10480.835601641878,0.3721928893248598,0.3654276067235972,6855.462857154236,0.7287677123462816
1.778279410038923e-05,0.95,30049.284497023036,29875.06972971776,10674.645551188049,10480.863233127653,0.37219120658699384,0.3654276723369397,6855.391885449913,0.7287692301765725
1.778279410038923e-05,0.99,30049.22224944156,29875.040484172358,10674.625274589622,10480.884856993496,0.3721898739262024,0.3654277269369797,6855.336043952276,0.7287704148812955
3.1622776601683795e-05,0.05,30049.251131662448,29875.36370188566,10675.127243171422,10480.38739594989,0.3722448522752423,0.36542710946583223,6859.414736444875,0.7287707044535476
3.1622776601683795e-05,0.1,30048.305611613592,29875.230130735632,10674.944421821123,10480.370348929257,0.37223269235986545,0.3654271805521335,6860.068031310322,0.7287884403839707
3.1622776601683795e-05,0.3,30045.383188527852,29874.92504310765,10674.475566634495,10480.430480841265,0.37220688573871524,0.3654275074948852,6861.465551186235,0.7288412290949685
3.1622776601683795e-05,0.5,30044.961015055607,29874.69895562741,10674.278383318353,10480.61071645175,0.3721920959547239,0.3654279382330593,6860.915874230406,0.7288497457232992
3.1622776601683795e-05,0.7,30044.58141514561,29874.47056667372,10674.101482493194,10480.795768032618,0.3721799039987472,0.36542852435907947,6860.338045880657,0.7288575708188592
3.1622776601683795e-05,0.9,30044.10425783425,29874.215487485188,10673.929169783796,10481.001829016715,0.37216880967341337,0.3654292611239972,6859.824727059371,0.7288667386031012
3.1622776601683795e-05,0.95,30043.96349560165,29874.155273231776,10673.886960858426,10481.05662605861,0.37216616778052514,0.3654294692329745,6859.700694573695,0.7288694108350703
3.1622776601683795e-05,0.99,30043.87374392466,29874.107947232947,10673.8558807467,10481.100446821572,0.37216407448246497,0.3654296429631841,6859.586697394396,0.7288710831088897
5.623413251903491e-05,0.05,30043.913942550775,29874.683163953945,10674.49071170606,10480.195628263562,0.3722326066157924,0.3654276816906043,6866.720150892037,0.7288717547269463
5.623413251903491e-05,0.1,30042.257775792397,29874.459902575338,10674.23479981711,10480.165291573283,0.37221939076522476,0.3654279048258217,6867.88993003684,0.7289028235785628
5.623413251903491e-05,0.3,30037.202036467603,29873.953438668676,10673.518793805926,10480.27814368514,0.37218570011104385,0.365428931224393,6870.314842066519,0.728994102417608
5.623413251903491e-05,0.5,30036.413253988383,29873.56797540267,10673.20481941001,10480.610861543402,0.3721643234169315,0.36543029286547263,6869.404053499697,0.7290099465281455
5.623413251903491e-05,0.7,30035.718280501664,29873.189772868587,10672.911680551084,10480.976835842032,0.37214581660126156,0.36543214809878,6868.421481370519,0.7290242467306458
5.623413251903491e-05,0.9,30034.883109246766,29872.751461386943,10672.629601083008,10481.340693021799,0.37212970251119587,0.3654344222308338,6867.597486384678,0.7290404999570593
5.623413251903491e-05,0.95,30034.57237098691,29872.589931009243,10672.540439978296,10481.419012275926,0.37212588664413304,0.3654350182135101,6867.496889683772,0.7290460762678084
5.623413251903491e-05,0.99,30034.534518436423,29872.494492069072,10672.501937975798,10481.493596362969,0.3721229951685997,0.3654355316456237,6867.260109200204,0.7290464151925171
0.0001,0.05,30034.652461658327,29873.602804211474,10673.380208050161,10479.864743978,0.37221186571554304,0.365429453232035,6879.429498377621,0.7290470330353169
0.0001,0.1,30031.775772617413,29873.249835506045,10672.993335689334,10479.824847522026,0.3721969484949271,0.3654301495679242,6881.514474228714,0.7291009962472607
0.0001,0.3,30023.214501140996,29872.4578857418,10671.85112361432,10480.093035637736,0.3721503648948971,0.36543335261654564,6885.6301857750595,0.7292554155764204
0.0001,0.5,30021.672694303805,29871.82690235976,10671.329493263533,10480.727435528514,0.37211928630418406,0.3654376538788754,6884.2280938350095,0.7292861748150099
0.0001,0.7,30020.787708545307,29871.488202712186,10671.051097262278,10481.475653896297,0.3720968937082256,0.36544333407967666,6882.519221848935,0.7293048954513628
0.0001,0.9,30019.03462766516,29870.723592919407,10670.689907604732,10482.11540164331,0.3720733345412837,0.3654502551876463,6881.455404378434,0.7293374607921199
0.0001,0.95,30018.27963186524,29870.512997146387,10670.575068826744,10482.238354432113,0.37206668004599225,0.3654521676821198,6881.292542074554,0.7293514554444884
0.0001,0.99,30018.258252468786,29870.39326177265,10670.57600843723,10482.350896589913,0.3720618771912615,0.3654538025858843,6880.74378310164,0.7293504525745279
0.00017782794100389227,0.05,30018.953702326875,29872.060464355738,10671.435507430517,10479.367546685127,0.3721758749776896,0.3654348448739389,6901.322162974198,0.7293440414918266
0.00017782794100389227,0.1,30013.965704572835,29871.572794815642,10670.83014651995,10479.319297057098,0.37216070349765823,0.3654370014520949,6904.880754576623,0.7294375148000014
0.00017782794100389227,0.3,29999.968446144834,29870.459202700593,10669.02540446285,10479.878992762275,0.3720951071654762,0.36544689354872034,6911.588791434506,0.729689578694894
0.00017782794100389227,0.5,29997.63043359855,29869.896763340592,10668.5937419156,10481.14484167458,0.3720570488428899,0.36546013107508946,6909.475135805836,0.7297366804576217
0.00017782794100389227,0.7,29994.142061506536,29868.94406036773,10668.15824830289,10482.305532052316,0.37202228926921016,0.36547742084176826,6908.238297189856,0.7298018650314898
0.00017782794100389227,0.9,29989.59883894458,29868.666468384657,10667.816672780024,10483.446003944553,0.3719962944882861,0.3654981118271639,6907.353314482161,0.7298873829035785
0.00017782794100389227,0.95,29988.48623924824,29868.62016077194,10667.73970170546,10483.732534079416,0.3719908812556071,0.3655039691890952,6907.056247860009,0.7299083470786586
0.00017782794100389227,0.99,29989.395787680114,29868.694267497573,10667.962262524617,10484.011140832892,0.3719881667332884,0.3655090969016806,6905.539933858805,0.7298875924537473
0.00031622776601683794,0.05,29993.123471768504,29870.45463848036,10668.214817053062,10478.653922540136,0.37212416236473117,0.36545082788342126,6937.842078040474,0.729832317918188
0.00031622776601683794,0.1,29984.754870770343,29869.94516610231,10667.231999724052,10478.597847051926,0.37210687051030134,0.36545737634569925,6943.924836834931,0.7299890102992075
0.00031622776601683794,0.3,29963.63044848055,29869.076825827175,10664.930470415708,10479.920639193742,0.3720243841784183,0.3654871997701813,6953.965385681187,0.7303682469674476
0.00031622776601683794,0.5,29958.23215727663,29868.788488173846,10664.568556432967,10482.243371359367,0.3719801827696788,0.365527661437025,6952.774389405288,0.73047232270033
0.00031622776601683794,0.7,29949.884084892004,29869.122614643613,10664.175155623157,10484.415051060254,0.37195117735211786,0.365580077643439,6953.112372331539,0.7306286031957625
0.00031622776601683794,0.9,29939.82053419249,29869.733261832345,10663.746897711553,10486.74134416865,0.3719297860241574,0.3656460643864034,6953.986415884583,0.7308138944970387
0.00031622776601683794,0.95,29935.062489916607,29869.824653952568,10663.538985059206,10487.162962422586,0.3719223264216318,0.36566367032886976,6956.171178976636,0.7308946379738825
0.00031622776601683794,0.99,29931.030294970093,29870.22117980165,10663.36724554902,10487.597569782583,0.37191533580770175,0.36567844847534053,6957.928898368614,0.7309636407567541
0.0005623413251903491,0.05,29953.184558668883,29870.427068980083,10663.043861328502,10477.87851929461,0.37205664063479765,0.36549604199309405,6996.558762488778,0.7305869619822125
0.0005623413251903491,0.1,29938.25719468519,29870.706646358205,10661.601262960412,10478.019317339389,0.3720391019948067,0.3655151353962647,7006.47339272596,0.7308639645605346
0.0005623413251903491,0.3,29911.372683565212,29871.76442999089,10659.784941161193,10480.994292112791,0.37195554716721924,0.36560299874400864,7020.241078356272,0.7313461380867458
0.0005623413251903491,0.5,29897.516135577454,29874.632946636448,10659.586166540474,10485.657567853457,0.3719368234883008,0.36572502173663607,7024.807939531082,0.731606364682128
0.0005623413251903491,0.7,29874.818735450295,29878.52452334594,10659.373071032785,10489.923863157917,0.37193097070585146,0.36588643204197274,7035.9982094049,0.7320205519268888
0.0005623413251903491,0.9,29838.682245434866,29884.014843363177,10657.11687184779,10493.758540768642,0.37190807121551717,0.36608290796862547,7058.3137843293225,0.7326643611639825
0.0005623413251903491,0.95,29828.254626147413,29885.85136407466,10656.093948111196,10494.406350603578,0.37190480429684747,0.36613640828091143,7065.116761880363,0.7328576567444606
0.0005623413251903491,0.99,29821.245934299855,29887.198207642232,10655.389884211048,10494.87755264375,0.37190767623971943,0.3661800379467035,7073.0792847603325,0.7329888849445143
0.001,0.05,29898.546688300103,29876.89679153799,10656.687981637626,10477.280133280714,0.37200063427693303,0.365615029535336,7087.413217415632,0.7316218873629079
0.001,0.1,29876.44528537115,29879.537861246743,10655.083506679937,10478.262111606824,0.37198943236871995,0.3656664128504136,7099.756657554083,0.7320202734838632
0.001,0.3,29842.321495458087,29887.436604862625,10653.448639545828,10485.340526047601,0.3719670967508727,0.36591308664781697,7120.115153114384,0.7326375114844044
0.001,0.5,29806.8171753375,29896.29836465953,10652.66688689155,10492.643563625887,0.3720375219791773,0.3662674085405666,7147.512402542809,0.7333037486859038
0.001,0.7,29763.21601655206,29915.11444947244,10651.823257601736,10500.834117047334,0.37215134305824,0.3667246287661763,7190.182556722177,0.7340995315491503
0.001,0.9,29712.375294773294,29945.60307188403,10648.754413074746,10508.126016361179,0.37244157323085136,0.36728943136783754,7248.183065116433,0.735058590632583
0.001,0.95,29695.901409157308,29954.498287251343,10647.208472558847,10510.040987317536,0.3725089678218651,0.3674299927862476,7262.553668737997,0.7353646192585596
0.001,0.99,29688.51421259793,29961.440818140858,10645.718996827907,10510.961412077566,0.37254610337034977,0.36752508404695305,7280.311057943171,0.7355046715414634
0.0017782794100389228,0.05,29829.618459622852,29898.15821299802,10647.66944765141,10478.706860252192,0.37200343135844566,0.36589022220206807,7213.430805462176,0.7329110534351366
0.0017782794100389228,0.1,29808.408700309268,29903.440342039656,10646.270958716626,10481.171571658382,0.3720131116176029,0.36601574720679253,7227.740967221791,0.7332786801742139
0.0017782794100389228,0.3,29761.61001322434,29928.884769659868,10647.537207844562,10495.096610654142,0.3722184846243411,0.36666097166806055,7265.888092002704,0.7341667093461488
0.0017782794100389228,0.5,29704.942613950854,29975.746262558736,10647.915695402558,10510.927510038211,0.37260476415441185,0.36756382504806384,7332.963665116245,0.7352319283305228
0.0017782794100389228,0.7,29663.46654128639,30038.227724646702,10642.938116120447,10523.54225214357,0.37291513797087156,0.3682633000646253,7388.4852209499195,0.736003290147391
0.0017782794100389228,0.9,29681.51949861371,30095.153001365445,10651.710852686689,10534.76658248113,0.3732129194879311,0.3687477031898928,7446.560474116665,0.7357270984854212
0.0017782794100389228,0.95,29683.19081893633,30108.285829303546,10654.080289490794,10538.330466672565,0.3732426386787597,0.36884774952496113,7459.453956146547,0.7357145824522845
0.0017782794100389228,0.99,29683.68061285666,30118.658593575517,10655.860793950103,10541.318765467102,0.3732657604761668,0.36892600049975954,7468.901792418659,0.7357200305239644
0.0031622776601683794,0.05,29781.577618657717,29947.021508289832,10641.615841314593,10484.553291936045,0.37218493179807044,0.36643268254902994,7358.120327414443,0.7338311334693437
0.0031622776601683794,0.1,29762.965874080102,29959.825859934128,10641.180623964407,10489.50299790916,0.3722742837436191,0.3666980235969317,7374.22071758004,0.7341760708234162
0.0031622776601683794,0.3,29696.729273007928,30034.09376396892,10644.331381995342,10517.288149267904,0.3728318537300002,0.36804865067289416,7434.741328308229,0.735428675573918
0.0031622776601683794,0.5,29689.517731464894,30122.64387085384,10654.620746246019,10539.104377554604,0.37330082685422017,0.36888843912344405,7474.369839772787,0.7356184717126247
0.0031622776601683794,0.7,29668.98026903958,30195.74690932419,10659.783914560696,10557.26537047769,0.3733877864305796,0.3694131384339484,7515.518542432216,0.7360882999542384
0.0031622776601683794,0.9,29649.991027088265,30225.450740773806,10656.09978656807,10561.543254374687,0.37323769816564045,0.3695248630955689,7496.8477518474965,0.7364449639804429
0.0031622776601683794,0.95,29647.07298274536,30232.635690461444,10655.41445997766,10562.387411810201,0.3731989507451291,0.3695472955583112,7490.512726439809,0.7364982398543293
0.0031622776601683794,0.99,29644.818422766963,30238.39508782595,10654.915522117053,10563.056429083219,0.3731754514756981,0.3695657239473781,7485.623946470006,0.7365392380062645
0.005623413251903491,0.05,29771.857745617268,30043.118679569336,10640.7733887112,10493.999260296494,0.3726575639783046,0.3673150760915254,7513.981634741286,0.7341298795483314
0.005623413251903491,0.1,29752.294801986543,30076.16048250015,10640.37694186402,10502.892326648514,0.372847402468527,0.36782119942113817,7542.118731723338,0.7344992156752694
0.005623413251903491,0.3,29747.861633146404,30198.626169504692,10662.949867541887,10544.266935319321,0.3735416452531898,0.3692254401606607,7589.188139147287,0.7346640683972325
0.005623413251903491,0.5,29689.807978986693,30253.683226989477,10659.377127003634,10559.641952705842,0.37333880218406396,0.36955215470219793,7543.900682139742,0.7357453633652767
0.005623413251903491,0.7,29674.726698454127,30282.681221744977,10652.49867583113,10561.63094943257,0.37327128264036036,0.3696739373425566,7500.914121928285,0.7360204795236224
0.005623413251903491,0.9,29693.003530857095,30306.96498678149,10648.942509022654,10560.203664391784,0.3733066659275857,0.36980435051318183,7513.724406226993,0.7357045429480558
0.005623413251903491,0.95,29698.47019047446,30313.493324954856,10648.340835291576,10560.082410467752,0.37331990023918404,0.3698419898862916,7516.834557265403,0.7356095228919669
0.005623413251903491,0.99,29701.662447612685,30317.6902100621,10647.612456363247,10559.975196988667,0.3733191187878246,0.3698737617787835,7519.519982401118,0.7355553101811216
0.01,0.05,29819.876037538175,30209.21610689265,10642.427008069408,10509.384956590335,0.373284050466424,0.3684722402212815,7649.773555555159,0.7333992313768564
0.01,0.1,29822.26945407315,30262.86529661512,10650.466155210745,10526.37397547363,0.37353899283044845,0.3690767759023456,7668.032564063482,0.7333772270822658
0.01,0.3,29795.511266324924,30368.915856468724,10656.745449908585,10554.517589389181,0.37357680233239987,0.36975631217065125,7650.941459045942,0.7339226299937434
0.01,0.5,29791.38028291635,30378.80925949854,10652.203949060986,10555.914559684239,0.37356319948591044,0.369911102881798,7616.477184029958,0.7339867777323393
0.01,0.7,29789.734299112588,30406.34353739614,10646.931877650637,10561.463276161436,0.37369275061033724,0.37018067153997414,7563.533711263695,0.734006903531421
0.01,0.9,29840.53862161485,30462.93114911829,10644.02255820059,10565.92360270507,0.37399189798377497,0.3705674084228991,7563.177505038753,0.7331140601083888
0.01,0.95,29857.046200254048,30479.219613337056,10644.485327548799,10567.26436070944,0.37409625788516776,0.37068095148494085,7566.360082649532,0.7328224409348176
0.01,0.99,29870.47886025561,30492.44964905291,10644.795649521684,10568.56154496653,0.37417080052807633,0.3707756917350213,7568.730897143909,0.7325851988216238
0.01778279410038923,0.05,29943.193694892707,30423.93562712068,10659.222332284186,10537.83492838279,0.37389589889396585,0.36954923755271574,7736.3893826723115,0.7313526063052261
0.01778279410038923,0.1,29941.685940250878,30485.059222626518,10663.070992805864,10552.05886137138,0.3739806767212499,0.3699457407189433,7752.514289827136,0.7314222178835418
0.01778279410038923,0.3,29965.57499600064,30572.06206392144,10651.731994821024,10557.1364280738,0.37395226038333745,0.3702849048380159,7733.6134829192115,0.7309571882680206
0.01778279410038923,0.5,30023.449345782,30636.22328960483,10648.953692119278,10566.086986249284,0.37442873769052987,0.3708512950851536,7705.531009833565,0.7299107632813844
0.01778279410038923,0.7,30073.289336543057,30687.69483206796,10656.703604233266,10584.934013204625,0.37513547109916356,0.37170842480382615,7637.45709430317,0.7290042349146357
0.01778279410038923,0.9,30200.188042338705,30826.335427782895,10675.52202771419,10607.054694383562,0.37615864840940594,0.37283569435345737,7617.229545636226,0.7267397553009717
0.01778279410038923,0.95,30240.863501147785,30865.971590312325,10681.626203831966,10613.20605257108,0.3764648982672923,0.37314636136745255,7618.788518712483,0.7260119523750614
0.01778279410038923,0.99,30273.921021496913,30898.404327935503,10686.285614601502,10618.338660795987,0.3766936815342223,0.373408114968458,7619.9316566865045,0.7254202235723016
0.03162277660168379,0.05,30142.461267761515,30717.450548593384,10670.102796763782,10570.274167486636,0.3744426538471121,0.3705321011749635,7772.935815015973,0.7279289488057652
0.03162277660168379,0.1,30161.215060679813,30773.702116517183,10663.573527841738,10574.845101038201,0.37436651573954866,0.37065244768306344,7765.61063066746,0.7275823937538864
0.03162277660168379,0.3,30321.085322067585,30966.48579946466,10671.53296052226,10592.527181205025,0.3751342867172539,0.3716063553856784,7788.964384259199,0.7246474384430089
0.03162277660168379,0.5,30540.046870858605,31172.797260854066,10716.135854176686,10640.444187809238,0.3767788776842456,0.37338384594245033,7766.032564728271,0.7206951394125112
0.03162277660168379,0.7,30716.293000156602,31352.85327643929,10761.168297514543,10697.957681198617,0.3789275877721869,0.37567834627091895,7725.534280312733,0.7174467397102819
0.03162277660168379,0.9,30929.025104675024,31593.32323264681,10820.092940871715,10762.632435722096,0.3812137943419992,0.37813068774570713,7718.390309390388,0.7135225829641836
0.03162277660168379,0.95,31003.45746333432,31668.80859295365,10840.472078744962,10783.069921700004,0.38187079961555553,0.37878990230047804,7732.877196768321,0.7121536824415198
0.03162277660168379,0.99,31064.676368589768,31730.452202981825,10857.417387803638,10800.442353791728,0.3823963907912743,0.37934834051549726,7745.329906001368,0.7110260140295934
0.05623413251903491,0.05,30505.313636330153,31129.885732065457,10728.049193998164,10632.30855485531,0.37514442890068844,0.3715532112177109,7779.138549309304,0.7214802244662426
0.05623413251903491,0.1,30606.51846485648,31245.684016375853,10734.655767298656,10644.33295004,0.3754171628296333,0.37194890926282254,7796.86040262552,0.719626700538122
0.05623413251903491,0.3,31113.53501621344,31780.762397131835,10827.798338798351,10743.05991997721,0.37837694056503063,0.3751014050687336,7806.302544854372,0.7102628544910969
0.05623413251903491,0.5,31615.569040019276,32295.250224758514,10950.624716042828,10882.250288130595,0.3824710767810169,0.3794405937043999,7821.926647088895,0.7008735579811647
0.05623413251903491,0.7,32003.042559025682,32675.66771820206,11081.910616200796,11016.986227188176,0.387603409569891,0.38463490712721826,7870.490918424911,0.6934789300235027
0.05623413251903491,0.9,32508.815839313516,33185.88676868897,11264.820225423971,11196.396667842168,0.3944128990076361,0.3914941807060116,7879.329979996798,0.6837534674799957
0.05623413251903491,0.95,32683.847913447906,33358.905992427775,11322.388455426451,11251.699859250559,0.39632516783386296,0.39341732592288114,7891.847139194669,0.6803584255414433
0.05623413251903491,0.99,32824.06220481931,33497.654653398946,11370.193917843106,11297.148052389535,0.3978628872042091,0.3949920975625905,7903.432951482565,0.6776299173257667
0.1,0.05,31133.833073688,31769.037309942163,10846.110816716595,10746.794741397149,0.3766985688901662,0.3733618045982015,7804.703655766432,0.7100501445920961
0.1,0.1,31394.068586087524,32035.81244406146,10881.509057919724,10785.632197008923,0.3778320228146813,0.3745803148149413,7812.267683513657,0.7051964947182937
0.1,0.3,32543.76409924005,33225.09359208788,11135.917561300235,11058.089180990912,0.3855050086411669,0.3825904590331662,7832.254594631663,0.6832186070883581
0.1,0.5,33737.88474543908,34410.020860493496,11502.08285031924,11423.960106208575,0.396685463278144,0.39400007942102677,7888.718365576262,0.6595907062842946
0.1,0.7,34746.51407971228,35429.87475422483,11879.95325146252,11811.393237145603,0.4095666680829275,0.4071917721168458,7971.747406716452,0.638971729966358
0.1,0.9,35638.47728097097,36328.98933225156,12241.52680632531,12165.355298252016,0.4204959722125018,0.41827879375417937,8051.471520956393,0.6202481727478759
0.1,0.95,35963.55915660248,36636.11682697952,12352.176657403115,12273.252881907934,0.4233006367358209,0.42110491054312804,8055.5134785483815,0.613301484080018
0.1,0.99,36227.406161089486,36893.25613743998,12443.659707836641,12362.121049455021,0.42549566232901936,0.4233272230935242,8062.307240890238,0.6076154346881416
0.1778279410038923,0.05,32158.29627527424,32796.34195957453,11039.539222536585,10951.900756534511,0.37993597399859785,0.37695324298314625,7823.734458400682,0.690815967825463
0.1778279410038923,0.1,32731.410045128658,33368.69767651699,11144.943527096559,11061.377399617317,0.38337285696552637,0.380436296160965,7818.386980174255,0.6797118264999892
0.1778279410038923,0.3,35090.69267907344,35752.74424092453,11843.108793953685,11770.741716183558,0.40273656340674646,0.40031518201396443,7862.156077044072,0.6317968654061443
0.1778279410038923,0.5,37393.1145771278,38052.36334335311,12627.17962366185,12564.629724143153,0.42481555631314044,0.4228426471174954,7939.7192096266745,0.5818413952660023
0.1778279410038923,0.7,39524.908522432066,40145.213842398065,13417.129156672818,13362.292459317974,0.4452143856591027,0.44336427901315556,8006.790606540077,0.5326167751151658
0.1778279410038923,0.9,41442.197062915184,42053.91877740262,14238.533061110236,14191.559814891452,0.4686064773433813,0.46675880058874525,8127.750390000991,0.485993295439236
0.1778279410038923,0.95,41836.08725824239,42445.4254814429,14440.893713481633,14391.01760648948,0.4752075334025953,0.4733122036970999,8151.013751781561,0.476124269951003
0.1778279410038923,0.99,42253.93658408485,42856.10596825042,14624.853801068844,14573.419891945628,0.4808429638665925,0.4789069156257277,8157.621449375974,0.4655354124050378
0.31622776601683794,0.05,33828.85686374402,34480.0100069873,11395.452900641058,11317.327933211705,0.38741943926831324,0.3848996346102563,7839.098381910824,0.6579092499568683
0.31622776601683794,0.1,34870.35690392174,35521.76337976364,11688.035030170666,11613.148040533086,0.39501563352378843,0.3926027682683972,7873.033363428847,0.636475836291184
0.31622776601683794,0.3,39213.856843889145,39850.74880554159,13166.997848955454,13116.529708437132,0.43555848113823226,0.433870370763551,7902.554024547847,0.5398871881322306
0.31622776601683794,0.5,43163.818350525726,43740.52201810661,14700.683868666212,14659.634317280535,0.4765719814091681,0.4750344653285544,7930.659958097528,0.44174895061292807
0.31622776601683794,0.7,46634.612951554984,47171.38093470691,16327.229634793763,16294.221719974845,0.5292650565810803,0.5277599677346745,7952.382535127224,0.347365544055909
0.31622776601683794,0.9,49482.60023578516,50014.867273090385,17849.38607096439,17823.057404255003,0.5863920820600202,0.5850871126970759,8035.367991335143,0.26437963179153845
0.31622776601683794,0.95,50017.08202188295,50558.72250532354,18188.904151201954,18173.476001024625,0.6013094204953658,0.6002291475115598,8069.636879824829,0.24828437003632536
0.31622776601683794,0.99,50463.51773497095,51004.4587779336,18466.436678581813,18448.060521156345,0.6129305797143016,0.6120207242080753,8041.77399827884,0.23457428692216023
0.5623413251903491,0.05,36441.737201204916,37102.68085290366,12109.426445458726,12042.889417905692,0.40354292997268254,0.40151404265420354,7918.209403538439,0.6028635516730564
0.5623413251903491,0.1,38331.47364348965,38972.704664241224,12751.631199050045,12699.989115363522,0.4214853613620793,0.4196313354392422,7926.409280081631,0.5604459507195594
0.5623413251903491,0.3,45264.795006516295,45816.99975786706,15517.855036116476,15484.07351678545,0.498928732283286,0.49768508194141814,7848.056171447571,0.3853498607606185
0.5623413251903491,0.5,50595.91875042779,51092.13568443004,18218.473112490552,18198.323610756262,0.5984344156072823,0.5973545133243199,7795.476720512959,0.22991226084413108
0.5623413251903491,0.7,54430.00851572212,54903.65648792343,20576.210421797514,20564.566445657092,0.7070337324909093,0.7063633050197342,7717.304842777307,0.10683733706928286
0.5623413251903491,0.9,57096.13125529401,57540.824739800955,22626.31304524445,22616.464041400166,0.819518089047256,0.8190256419118086,7593.252814380056,0.015475076491954388
0.5623413251903491,0.95,57656.45682625419,58093.661069226815,23082.71361940949,23073.951742205783,0.8466176123793835,0.8462532432062236,7519.104752920517,-0.004487926147359445
0.5623413251903491,0.99,57975.75987637065,58408.14235805891,23312.897235570934,23304.859567427084,0.8611183873424529,0.8608605698249441,7462.31807403096,-0.016021098375202047
1.0,0.05,40333.21327894779,40972.45408238267,13417.486335509635,13370.829389378287,0.4369580770055636,0.4354847610721479,7959.805449810991,0.5130121892879161
1.0,0.1,43294.99285316508,43889.69872912467,14625.693334139933,14592.034918040425,0.47316320558240726,0.4718240970088726,7915.615653778341,0.43822823806578093
1.0,0.3,52366.30780082922,52839.68468023064,19141.333030313268,19123.448684189287,0.6373442958580608,0.6364604865138128,7664.708768204796,0.17397665813369106
1.0,0.5,57447.95668980725,57880.189344625614,22751.412053110518,22741.964469792765,0.8280458321887059,0.8276678629822005,7489.753849228796,0.002749877961654512
1.0,0.7,59320.79002358737,59724.68164375236,24372.62356335877,24369.256797743834,0.9322576521975618,0.9322613350399983,7247.716795777867,-0.06526870832489537
1.0,0.9,59320.79002358737,59724.68164375236,24372.62356335877,24369.256797743834,0.9322576521975618,0.9322613350399983,7247.716795777867,-0.06526870832489537
1.0,0.95,59320.79002358737,59724.68164375236,24372.62356335877,24369.256797743834,0.9322576521975618,0.9322613350399983,7247.716795777867,-0.06526870832489537
1.0,0.99,59320.79002358737,59724.68164375236,24372.62356335877,24369.256797743834,0.9322576521975618,0.9322613350399983,7247.716795777867,-0.06526870832489537
