,group,train_time_s,train_MAE,train_MSE,train_RMSE,train_R2,train_RMSLE,val_MAE,val_MSE,val_RMSE,val_R2,val_RMSLE,test_MAE,test_MSE,test_RMSE,test_R2,test_RMSLE,cv_rmse,cv_rmse_sd,cv_mae,repcv_rmse,repcv_mae
Linear Regression,P6 baseline,0.01781541691161692,10502.981856925866,902456988.4372201,30040.92189725908,0.7310292085528131,0.36611096298430845,13595.823890588077,2686776336.206209,51834.12327999972,0.48794059083317254,0.43986055343784897,10670.897865705434,811499645.9288838,28486.83285184374,0.7193292414393353,0.3907808543435954,30056.250516438566,6849.857905781652,10675.988946805524,29998.65266925456,10703.423386971877
Ridge (α=1),P6 baseline,0.010582749964669347,10501.157135310177,902117748.8956149,30035.275076077043,0.7311303164495493,0.3661268186097022,13588.79410957886,2697849616.9267597,51940.828034666134,0.4858301890453892,0.4398689314407682,10659.476458338939,811139992.5896202,28480.51952808481,0.7194536335768505,0.39072225916347336,29992.01412931027,6947.472989825263,10667.944922762887,29952.213136369057,10696.128498598357
Lasso (α=1),P6 baseline,0.0037495410069823265,24369.52821551602,3570687647.7628293,59755.231133038295,-0.06421768010528717,0.9323114828928698,25797.974616098705,5506391846.626735,74205.06617897956,-0.049435979329065516,0.9457997723096251,23372.59097594708,3077217622.0265985,55472.674552671415,-0.06430730877501811,0.9223956031126714,59320.79002358737,7247.716795777867,24372.62356335877,59137.33356288075,24371.832301722185
ElasticNet (α=1),P6 baseline,0.0034309581387788057,22742.90422448304,3354042804.0491858,57914.09849120666,0.00035175181580482384,0.8277573524199185,24223.26097548589,5287814391.233944,72717.35962776662,-0.0077783835115954325,0.8472258872668087,21866.49088480166,2890154001.64872,53760.15254487956,0.0003917807365559911,0.8269196887449483,57447.95668980725,7489.753849228796,22751.412053110518,57283.638690422886,22752.62439602478
Decision Tree,P6 baseline,0.025383041938766837,17.054029580455047,135028.04458761253,367.461623285497,0.9999597558659464,0.0180055784874426,16254.22037242281,3088530813.7189136,55574.55185351398,0.4113721926330577,0.5485768762805762,12265.48607491563,757633246.0930071,27525.13843912519,0.7379598389740538,0.492971139201084,38068.37339022994,4789.165837173494,13974.192679136788,38915.246241593995,14090.154119424631
Random Forest (default),P6 baseline,0.27471229201182723,4006.404141383272,180238869.53361484,13425.307055468595,0.946281105904057,0.13387702954559993,11707.749282646311,2061799247.3070414,45407.03962280564,0.6070518821498123,0.4237808300810505,9079.83823002272,474832071.10303384,21790.641824026978,0.8357713669327967,0.37835008333394393,28905.65983927548,5696.197252375218,9984.312329891523,29367.831170384274,10081.938955120211
Gradient Boosting (default),P6 baseline,0.4777088339906186,8087.490477812524,452211197.15556407,21265.257984693344,0.8652217167592211,0.3138757674330156,11895.77986853358,2105149817.8602688,45881.91166309735,0.5987899113838069,0.41076159545267255,9442.938549050908,512519224.14976466,22638.887431801162,0.8227366331695922,0.3739361865706503,28001.694569665422,6925.259894951074,9846.683432301765,28148.70119717387,9859.122116017672
Ridge (tuned),P7 tuned,0.0037269170861691236,10499.65825816384,908520132.6587266,30141.667715286203,0.7292221321815158,0.36728271795452117,13533.092439995322,2783590528.965714,52759.74345052972,0.46948925282064713,0.4405565102064085,10584.25254939912,814920475.8822482,28546.812009088655,0.7181460900445877,0.39140133775453156,29786.502202719043,7507.239044721424,10638.667838083727,29823.349486596602,10666.959652035972
Lasso (tuned),P7 tuned,0.003995334031060338,10564.133269312013,918635435.5296082,30308.9992498863,0.726207339173352,0.36989727498739455,13544.53742239312,2797133058.60498,52887.92923347425,0.4669082490979857,0.44067137579901255,10565.025807118482,823063482.4540415,28689.082983846685,0.7153296946919396,0.3931245396570466,29650.989211256478,7507.584486367199,10657.4896083759,29711.097382353393,10677.799083472817
ElasticNet (tuned),P7 tuned,0.003861374920234084,10562.411195601091,919776844.0177567,30327.822935676682,0.7258671506121737,0.36994776373934607,13540.85763472227,2801430564.582927,52928.54205986527,0.46608920869543924,0.4406663444822251,10561.020333726688,824476363.7328103,28713.69644843398,0.7148410260125908,0.3930689645126202,29644.818422766963,7485.623946470006,10654.915522117053,29716.676480937767,10674.93677219601
Random Forest (tuned),P8 tuned,0.386925291037187,6910.584626851809,483542664.62620336,21989.603557731625,0.8558835990308925,0.23932078947145935,11543.112746060966,2005290018.2937915,44780.4646949291,0.6178216965296188,0.4186990654459225,9110.697387276552,509133980.235383,22563.997434749523,0.8239074765361039,0.37212397226354416,28094.923741880448,6252.261416735484,9809.464308758861,28426.83189304279,9895.301543224497
Gradient Boosting (tuned),P8 tuned,2.590631957864389,7461.363152277625,468587566.5717943,21646.883530240426,0.8603408580597471,0.2999023834927843,11693.262122539585,1994232885.9435909,44656.8347058274,0.6199290206793908,0.4066453633555301,9667.695652239914,604554585.1895472,24587.691741795268,0.7909046604422693,0.3717910079587676,26241.887613675197,7258.369053511042,9492.682257409606,27086.496238358806,9592.577413918549
